DateTime,Prediction,Actual,Model,Company,RMSE
2024-10-04 12:00:00,34.9526982658391,34.31999969482422,online,AXA,31.140826553310944
2024-10-04 13:00:00,34.940044294418804,34.38999938964844,online,AXA,31.132916221637917
2024-10-04 13:30:00,162.83625675037754,165.8699951171875,online,Google,31.1250845371338
2024-10-04 13:30:00,180.3414444061736,180.02999877929688,online,Toyota,31.117184557888304
2024-10-04 13:30:00,100.76106323712034,114.8499984741211,online,Alibaba,31.110908396310545
2024-10-04 13:30:00,44.7249239550281,45.72999954223633,online,HSBC,31.103027469570893
2024-10-04 14:00:00,34.929043396323394,34.459999084472656,online,AXA,31.09514609744476
2024-10-04 14:30:00,162.89693151771374,165.72000122070312,online,Google,31.087333858505964
2024-10-04 14:30:00,180.33521549363607,179.5,online,Toyota,31.079468333250944
2024-10-04 14:30:00,101.04284194186036,114.1500015258789,online,Alibaba,31.07300212936037
2024-10-04 14:30:00,44.74502546677227,45.59999847412109,online,HSBC,31.06514846170187
2024-10-04 15:00:00,34.919662510086376,34.369998931884766,online,AXA,31.057297261591337
2024-10-04 15:30:00,162.95339291177353,166.06849670410156,online,Google,31.04952851666429
2024-10-04 15:30:00,180.31851118376332,179.7100067138672,online,Toyota,31.041689748608363
2024-10-04 15:30:00,101.30498513354073,114.26000213623048,online,Alibaba,31.03521885448732
2024-10-04 15:30:00,44.76212492691924,45.59999847412109,online,HSBC,31.027394306487157
2024-10-04 16:30:00,163.0156949876201,166.16000366210938,online,Google,31.0196503368652
2024-10-04 16:30:00,180.30634109436545,179.44000244140625,online,Toyota,31.0118379986005
2024-10-04 16:30:00,101.56408547359452,114.5250015258789,online,Alibaba,31.00539021888253
2024-10-04 16:30:00,44.77888239786328,45.70000076293945,online,HSBC,30.99759013770953
2024-10-04 17:30:00,163.07858116110987,166.07000732421875,online,Google,30.989861720272717
2024-10-04 17:30:00,180.28901432130624,179.33999633789062,online,Toyota,30.982073820308777
2024-10-04 17:30:00,101.8233037946402,114.3249969482422,online,Alibaba,30.97555290566477
2024-10-04 17:30:00,44.7973047651648,45.70500183105469,online,HSBC,30.967775810248696
2024-10-04 18:30:00,163.13840968437205,166.42999267578125,online,Google,30.960085776702936
2024-10-04 18:30:00,180.27003396163792,179.74000549316406,online,Toyota,30.95231597346997
2024-10-04 18:30:00,102.07333765771224,114.61000061035156,online,Alibaba,30.94582392972347
2024-10-04 18:30:00,44.8154587064826,45.76499938964844,online,HSBC,30.938070529074256
2024-10-04 19:30:00,163.20424134420023,167.05999755859375,online,Google,30.930436119818697
2024-10-04 19:30:00,180.25943339226845,179.9600067138672,online,Toyota,30.922687770176303
2024-10-04 19:30:00,102.32407091676502,114.5199966430664,online,Alibaba,30.91614912001047
2024-10-04 19:30:00,44.83444952014592,45.85499954223633,online,HSBC,30.908419810343823
2024-10-07 07:00:00,34.90866923852234,34.2400016784668,online,AXA,30.900691491984063
2024-10-07 08:00:00,34.89529588732123,34.5099983215332,online,AXA,30.892966554582323
2024-10-07 09:00:00,34.88758993600547,34.59000015258789,online,AXA,30.88524692443934
2024-10-07 10:00:00,34.88163814033712,34.560001373291016,online,AXA,30.87753319957725
2024-10-07 11:00:00,34.875205404996194,34.54999923706055,online,AXA,30.869825270944187
2024-10-07 12:00:00,34.868701281637485,34.70000076293945,online,AXA,30.862122487736464
2024-10-07 13:00:00,34.865327271263524,34.41999816894531,online,AXA,30.85442684084016
2024-10-07 13:30:00,163.2813564684881,166.82000732421875,online,Google,30.846836529363607
2024-10-07 13:30:00,180.2534448587004,177.44000244140625,online,Toyota,30.839214703000536
2024-10-07 13:30:00,102.56798943129104,115.63999938964844,online,Alibaba,30.83291468189568
2024-10-07 13:30:00,44.85486052058773,45.630001068115234,online,HSBC,30.825244880856584
2024-10-07 14:00:00,34.85642068921716,34.36000061035156,online,AXA,30.81757794470832
2024-10-07 14:30:00,163.35212948560272,165.94140625,online,Google,30.809968843160235
2024-10-07 14:30:00,180.19717601035453,177.7899932861328,online,Toyota,30.802358088119597
2024-10-07 14:30:00,102.8294296304582,115.18000030517578,online,Alibaba,30.79593659155204
2024-10-07 14:30:00,44.87036333153828,45.66999816894531,online,HSBC,30.78829533233553
2024-10-07 15:00:00,34.84649228763985,34.400001525878906,online,AXA,30.78065621581741
2024-10-07 15:30:00,163.40391502089065,165.27999877929688,online,Google,30.77304954458298
2024-10-07 15:30:00,180.14903235587008,177.60800170898438,online,Toyota,30.76547220405439
2024-10-07 15:30:00,103.07644104395256,115.53500366210938,online,Alibaba,30.75909881272912
2024-10-07 15:30:00,44.88635602828642,45.685001373291016,online,HSBC,30.75148559656282
2024-10-07 16:30:00,163.4414366960588,164.88999938964844,online,Google,30.74388979449972
2024-10-07 16:30:00,180.09821174293236,178.08999633789062,online,Toyota,30.736315206879453
2024-10-07 16:30:00,103.3256122963157,116.46589660644533,online,Alibaba,30.730103247340796
2024-10-07 16:30:00,44.90232893518651,45.77000045776367,online,HSBC,30.722513183866443
2024-10-07 17:30:00,163.47040794993055,163.8800048828125,online,Google,30.71492404188417
2024-10-07 17:30:00,180.05804743483154,177.77999877929688,online,Toyota,30.707380901590987
2024-10-07 17:30:00,103.5884179825183,116.61000061035156,online,Alibaba,30.70116469272841
2024-10-07 17:30:00,44.91968236563805,45.595001220703125,online,HSBC,30.693594368647616
2024-10-07 18:30:00,163.4785998885882,163.44000244140625,online,Google,30.68602599328264
2024-10-07 18:30:00,180.01248646172084,177.30999755859375,online,Toyota,30.67852186716088
2024-10-07 18:30:00,103.84884963507496,116.9250030517578,online,Alibaba,30.672337733288508
2024-10-07 18:30:00,44.93318874273936,45.60499954223633,online,HSBC,30.664789383704964
2024-10-07 19:30:00,163.47782793964456,163.00999450683594,online,Google,30.657244742009677
2024-10-07 19:30:00,179.9584366836583,177.33999633789062,online,Toyota,30.649758928095416
2024-10-07 19:30:00,104.1103727034086,117.52999877929688,online,Alibaba,30.64366831851077
2024-10-07 19:30:00,44.946624958729295,45.68000030517578,online,HSBC,30.636142549934466
2024-10-08 07:00:00,34.83756247240463,34.25,online,AXA,30.628620783282624
2024-10-08 08:00:00,34.82581122295654,34.27000045776367,online,AXA,30.621104265832653
2024-10-08 09:00:00,34.81469500765268,34.31999969482422,online,AXA,30.613592767425175
2024-10-08 10:00:00,34.80480110139611,34.36000061035156,online,AXA,30.60608642047185
2024-10-08 11:00:00,34.795905091575214,34.290000915527344,online,AXA,30.59858605927617
2024-10-08 12:00:00,34.78578700805426,34.38999938964844,online,AXA,30.591090416388926
2024-10-08 13:00:00,34.777871255686144,34.400001525878906,online,AXA,30.583600169602946
2024-10-08 13:30:00,163.46847127098837,163.9149932861328,online,Google,30.576115876227075
2024-10-08 13:30:00,179.90606787674295,175.25,online,Toyota,30.56880896120104
2024-10-08 13:30:00,104.37876522492638,109.66999816894533,online,Alibaba,30.56155799463346
2024-10-08 13:30:00,44.96129246565823,43.89500045776367,online,HSBC,30.554097564227344
2024-10-08 14:00:00,34.77031386109,34.349998474121094,online,AXA,30.546634924610043
2024-10-08 14:30:00,163.47740171129126,164.19000244140625,online,Google,30.53918039901
2024-10-08 14:30:00,179.81294651920808,175.6649932861328,online,Toyota,30.53186478661111
2024-10-08 14:30:00,104.48458988380676,109.43699645996094,online,Alibaba,30.52461305662942
2024-10-08 14:30:00,44.93996662550033,43.8650016784668,online,HSBC,30.517179982735584
2024-10-08 15:00:00,34.76190755335062,34.36000061035156,online,AXA,30.509744406585167
2024-10-08 15:30:00,163.49165372589357,163.47000122070312,online,Google,30.50231297813779
2024-10-08 15:30:00,179.72998745454657,176.125,online,Toyota,30.49499071438419
2024-10-08 15:30:00,104.58363801532984,109.6999969482422,online,Alibaba,30.487779014146295
2024-10-08 15:30:00,44.918467326559664,44.005001068115234,online,HSBC,30.48037042674037
2024-10-08 16:30:00,163.49122067578975,163.27999877929688,online,Google,30.47296094406616
2024-10-08 16:30:00,179.65788770545564,175.83999633789062,online,Toyota,30.46567274850798
2024-10-08 16:30:00,104.68596519398808,109.26000213623048,online,Alibaba,30.45844048192997
2024-10-08 16:30:00,44.90019800139078,43.95500183105469,online,HSBC,30.451053880221107
2024-10-08 17:30:00,163.4869962378599,162.94039916992188,online,Google,30.443667918384627
2024-10-08 17:30:00,179.58152987810433,175.82000732421875,online,Toyota,30.436397674388992
2024-10-08 17:30:00,104.77744593283292,109.46499633789062,online,Alibaba,30.42919506216069
2024-10-08 17:30:00,44.88129407798405,43.93999862670898,online,HSBC,30.421829811042752
2024-10-08 18:30:00,163.47606429650114,163.19200134277344,online,Google,30.41446350095527
2024-10-08 18:30:00,179.50629942702662,175.86500549316406,online,Toyota,30.40720742754065
2024-10-08 18:30:00,104.87119694093408,108.49500274658205,online,Alibaba,30.399955634605465
2024-10-08 18:30:00,44.86246816895855,43.9900016784668,online,HSBC,30.39261071534154
2024-10-08 19:30:00,163.4703830374266,164.36000061035156,online,Google,30.385271363522627
2024-10-08 19:30:00,179.43347354834935,175.77999877929688,online,Toyota,30.378037172984744
2024-10-08 19:30:00,104.94367305704704,109.69200134277344,online,Alibaba,30.370881372242216
2024-10-08 19:30:00,44.84501883914872,43.93000030517578,online,HSBC,30.363558261183417
2024-10-09 07:00:00,34.75386941449064,34.5,online,AXA,30.35623431091272
2024-10-09 08:00:00,34.748792026200825,34.41999816894531,online,AXA,30.34891600516298
2024-10-09 09:00:00,34.742216149055714,34.5,online,AXA,30.34160259798761
2024-10-09 10:00:00,34.7373718260746,34.5,online,AXA,30.334294457368426
2024-10-09 11:00:00,34.73262438955311,34.560001373291016,online,AXA,30.32699138467433
2024-10-09 12:00:00,34.72917192922787,34.439998626708984,online,AXA,30.319694011512823
2024-10-09 13:00:00,34.72338846317749,34.70000076293945,online,AXA,30.312401245088925
2024-10-09 13:30:00,163.48817538888508,161.72999572753906,online,Google,30.30513825397497
2024-10-09 13:30:00,179.3604040529683,173.3218994140625,online,Toyota,30.29814515371009
2024-10-09 13:30:00,105.03863962276156,107.4800033569336,online,Alibaba,30.29091532257741
2024-10-09 13:30:00,44.82671846846925,44.04999923706055,online,HSBC,30.28364824857781
2024-10-09 14:00:00,34.72292070917273,34.689998626708984,online,AXA,30.276381634807
2024-10-09 14:30:00,163.45301179565817,161.19000244140625,online,Google,30.26916081380503
2024-10-09 14:30:00,179.2396339601902,174.02999877929688,online,Toyota,30.262119599635845
2024-10-09 14:30:00,105.087466897445,107.75,online,Alibaba,30.254924718553937
2024-10-09 14:30:00,44.81118408384108,44.09000015258789,online,HSBC,30.247683015213607
2024-10-09 15:00:00,34.72226226752346,34.68000030517578,online,AXA,30.24044241093037
2024-10-09 15:30:00,163.40775160857314,161.36000061035156,online,Google,30.233240171057183
2024-10-09 15:30:00,179.13544125657234,173.8000946044922,online,Toyota,30.226235127997988
2024-10-09 15:30:00,105.14071755949612,109.24009704589844,online,Alibaba,30.21914293264853
2024-10-09 15:30:00,44.79676040521601,44.09000015258789,online,HSBC,30.211926922184
2024-10-09 16:30:00,163.3667965886087,160.6649932861328,online,Google,30.204769840186383
2024-10-09 16:30:00,179.02873432353073,173.97999572753906,online,Toyota,30.197761659309013
2024-10-09 16:30:00,105.22270514922415,108.3499984741211,online,Alibaba,30.19063441130707
2024-10-09 16:30:00,44.78262520016345,44.095001220703125,online,HSBC,30.183438758129014
2024-10-09 17:30:00,163.3127605225592,160.94000244140625,online,Google,30.176288980607804
2024-10-09 17:30:00,178.9277595516109,174.1199951171875,online,Toyota,30.16928237787244
2024-10-09 17:30:00,105.2852510157221,108.97000122070312,online,Alibaba,30.16220553777341
2024-10-09 17:30:00,44.76887272057424,44.11000061035156,online,HSBC,30.15503005005337
2024-10-09 18:30:00,163.26530536093614,161.1750030517578,online,Google,30.14789073361752
2024-10-09 18:30:00,178.83160426292244,174.0800018310547,online,Toyota,30.140900148600764
2024-10-09 18:30:00,105.35894601982172,108.52989959716795,online,Alibaba,30.13381583172133
2024-10-09 18:30:00,44.75569527836979,44.17499923706055,online,HSBC,30.126659964140966
2024-10-09 19:30:00,163.2234993147526,161.85000610351562,online,Google,30.119521406725426
2024-10-09 19:30:00,178.73657221428508,174.0,online,Toyota,30.11254987095239
2024-10-09 19:30:00,105.42236509136865,107.91999816894533,online,Alibaba,30.10545572694769
2024-10-09 19:30:00,44.74408135754361,44.17499923706055,online,HSBC,30.098320054738977
2024-10-10 07:00:00,34.721417028276505,34.70000076293945,online,AXA,30.091186909760424
2024-10-10 08:00:00,34.72098870296976,34.7599983215332,online,AXA,30.084058842306995
2024-10-10 09:00:00,34.72176889534103,34.72999954223633,online,AXA,30.07693582655894
2024-10-10 10:00:00,34.72193350827894,34.79999923706055,online,AXA,30.06981791540015
2024-10-10 11:00:00,34.72349482285457,34.939998626708984,online,AXA,30.06270537623605
2024-10-10 12:00:00,34.72782489893166,34.959999084472656,online,AXA,30.055597937412585
2024-10-10 13:00:00,34.73246838264248,34.79999923706055,online,AXA,30.048495149605312
2024-10-10 13:30:00,163.19602945052785,161.8350067138672,online,Google,30.04141192252232
2024-10-10 13:30:00,178.64184076999936,173.69500732421875,online,Toyota,30.03451150041661
2024-10-10 13:30:00,105.47231775292018,108.43000030517578,online,Alibaba,30.027492452220244
2024-10-10 13:30:00,44.73269971513395,44.130001068115234,online,HSBC,30.020412514883148
2024-10-10 14:00:00,34.73381899973084,34.83000183105469,online,AXA,30.01333480540909
2024-10-10 14:30:00,163.16880899579462,162.38999938964844,online,Google,30.006266789931814
2024-10-10 14:30:00,178.54290410108376,174.10000610351562,online,Toyota,29.999353976191596
2024-10-10 14:30:00,105.53147140396528,109.20999908447266,online,Alibaba,29.992397356965032
2024-10-10 14:30:00,44.720645742193575,44.150001525878906,online,HSBC,29.985342047105224
2024-10-10 15:00:00,34.73574265635732,34.86000061035156,online,AXA,29.97828928279104
2024-10-10 15:30:00,163.1532328036717,162.75990295410156,online,Google,29.97124258515147
2024-10-10 15:30:00,178.4540461411324,174.36000061035156,online,Toyota,29.9643310740589
2024-10-10 15:30:00,105.60504195757544,110.0,online,Alibaba,29.957444489033115
2024-10-10 15:30:00,44.709232857867285,44.22499847412109,online,HSBC,29.95041323729417
2024-10-10 16:30:00,163.1453662066803,162.3300018310547,online,Google,29.94339030787472
2024-10-10 16:30:00,178.3721652305168,174.36000061035156,online,Toyota,29.93649322046305
2024-10-10 16:30:00,105.69294111842392,110.53500366210938,online,Alibaba,29.92965856396133
2024-10-10 16:30:00,44.69954817019236,44.209999084472656,online,HSBC,29.92264704652692
2024-10-10 17:30:00,163.1290589191678,162.27000427246094,online,Google,29.91564435726214
2024-10-10 17:30:00,178.2919219381135,174.22000122070312,online,Toyota,29.908770580366877
2024-10-10 17:30:00,105.78978236929764,110.27999877929688,online,Alibaba,29.90192968279461
2024-10-10 17:30:00,44.68975718847796,44.22499847412109,online,HSBC,29.894937586990448
2024-10-10 18:30:00,163.11187782623367,162.16000366210938,online,Google,29.88795579244561
2024-10-10 18:30:00,178.21048352376528,174.1199951171875,online,Toyota,29.88110264029357
2024-10-10 18:30:00,105.87958669749764,109.63999938964844,online,Alibaba,29.8742340623848
2024-10-10 18:30:00,44.68046201419082,44.21500015258789,online,HSBC,29.867261497567416
2024-10-10 19:30:00,163.09284034295118,162.07000732421875,online,Google,29.860300295858647
2024-10-10 19:30:00,178.1286737556337,174.32000732421875,online,Toyota,29.853449111848043
2024-10-10 19:30:00,105.95479495134065,109.29000091552734,online,Alibaba,29.846576329521568
2024-10-10 19:30:00,44.67115277695876,44.290000915527344,online,HSBC,29.8396226516195
2024-10-11 07:00:00,34.7382278154372,34.900001525878906,online,AXA,29.832672902951096
2024-10-11 08:00:00,34.741463289646035,34.84000015258789,online,AXA,29.82572787960025
2024-10-11 09:00:00,34.74343402690487,34.880001068115234,online,AXA,29.81878777421506
2024-10-11 10:00:00,34.74616536772908,34.90999984741211,online,AXA,29.81185257525916
2024-10-11 11:00:00,34.74944205732274,34.880001068115234,online,AXA,29.804922136775563
2024-10-11 12:00:00,34.75205323753859,34.900001525878906,online,AXA,29.79799656734252
2024-10-11 13:00:00,34.7550122033054,35.029998779296875,online,AXA,29.791076242409307
2024-10-11 13:30:00,163.07238368257651,163.3000030517578,online,Google,29.784160551797317
2024-10-11 13:30:00,178.0525004270054,173.89999389648438,online,Toyota,29.77738362807931
2024-10-11 13:30:00,106.02149907062436,109.25,online,Alibaba,29.77055832231186
2024-10-11 13:30:00,44.66352973973014,44.36000061035156,online,HSBC,29.76365732226604
2024-10-11 14:00:00,34.760511934825225,34.970001220703125,online,AXA,29.756760744099843
2024-10-11 14:30:00,163.07693606996014,163.11000061035156,online,Google,29.749868624957063
2024-10-11 14:30:00,177.969450296395,174.5,online,Toyota,29.74307496524844
2024-10-11 14:30:00,106.08606908921188,110.41000366210938,online,Alibaba,29.73633785844224
2024-10-11 14:30:00,44.65745915714257,44.32500076293945,online,HSBC,29.72946087894119
2024-10-11 15:00:00,34.76470172054278,35.029998779296875,online,AXA,29.72258835702032
2024-10-11 15:30:00,163.07759736076798,163.4001007080078,online,Google,29.71572086099624
2024-10-11 15:30:00,177.9000612904671,174.18499755859375,online,Toyota,29.708964604931516
2024-10-11 15:30:00,106.17254778066984,110.2699966430664,online,Alibaba,29.702236270075225
2024-10-11 15:30:00,44.650809989258505,44.28499984741211,online,HSBC,29.695383211148275
2024-10-11 16:30:00,163.0840474277128,163.38499450683594,online,Google,29.688534558555936
2024-10-11 16:30:00,177.82576001582964,174.02999877929688,online,Toyota,29.68180183663398
2024-10-11 16:30:00,106.25449675791778,110.45999908447266,online,Alibaba,29.675099250345376
2024-10-11 16:30:00,44.64349378642158,44.310001373291016,online,HSBC,29.66826489554092
2024-10-11 17:30:00,163.09006636929524,163.32000732421875,online,Google,29.661434808526103
2024-10-11 17:30:00,177.74984479109898,174.1999969482422,online,Toyota,29.65470680366531
2024-10-11 17:30:00,106.33860680444889,110.8625030517578,online,Alibaba,29.64804446933896
2024-10-11 17:30:00,44.63682393815897,44.345001220703125,online,HSBC,29.64122870381436
2024-10-11 18:30:00,163.09466518839372,163.7899932861328,online,Google,29.63442072584873
2024-10-11 18:30:00,177.67884783424185,174.25999450683594,online,Toyota,29.627704301971868
2024-10-11 18:30:00,106.42908472939506,110.65460205078124,online,Alibaba,29.6210403158398
2024-10-11 18:30:00,44.630987483809854,44.369998931884766,online,HSBC,29.614243129174675
2024-10-11 19:30:00,163.1085717503485,163.23500061035156,online,Google,29.607450216292943
2024-10-11 19:30:00,177.61047076769373,174.10000610351562,online,Toyota,29.60075729447613
2024-10-11 19:30:00,106.51359507582278,110.08999633789062,online,Alibaba,29.594072613941638
2024-10-11 19:30:00,44.62576771277135,44.34999847412109,online,HSBC,29.587294122822332
2024-10-14 07:00:00,34.77000766171786,35.2400016784668,online,AXA,29.58052140895781
2024-10-14 08:00:00,34.779407542052844,35.15999984741211,online,AXA,29.57375275707192
2024-10-14 09:00:00,34.78701938816003,35.29999923706055,online,AXA,29.56698966566395
2024-10-14 10:00:00,34.79727898513804,35.29999923706055,online,AXA,29.56023113326516
2024-10-14 11:00:00,34.807333390176495,35.34000015258789,online,AXA,29.55347747495813
2024-10-14 12:00:00,34.817986725424724,35.439998626708984,online,AXA,29.54672924311716
2024-10-14 13:00:00,34.83042696345041,35.41999816894531,online,AXA,29.53998533078337
2024-10-14 13:30:00,163.11110032754854,165.47000122070312,online,Google,29.533286347447245
2024-10-14 13:30:00,177.54026147441016,174.8800048828125,online,Toyota,29.526603643472956
2024-10-14 13:30:00,106.58512310106414,109.18589782714844,online,Alibaba,29.519923106346244
2024-10-14 13:30:00,44.62025232799834,44.310001373291016,online,HSBC,29.51319566192079
2024-10-14 14:00:00,34.84221838756031,35.400001525878906,online,AXA,29.50647447430259
2024-10-14 14:30:00,163.15827834541165,164.39999389648438,online,Google,29.49976737785989
2024-10-14 14:30:00,177.4870563425782,174.50999450683594,online,Toyota,29.49312135661399
2024-10-14 14:30:00,106.63713859558582,108.80999755859376,online,Alibaba,29.48644793568769
2024-10-14 14:30:00,44.6140473089042,44.369998931884766,online,HSBC,29.479743119726475
2024-10-14 15:00:00,34.85337405032668,35.38999938964844,online,AXA,29.473044637149403
2024-10-14 15:30:00,163.1831126564331,164.7449951171875,online,Google,29.46636730763024
2024-10-14 15:30:00,177.42751510586336,174.61000061035156,online,Toyota,29.45973691536846
2024-10-14 15:30:00,106.68059577484598,108.37999725341795,online,Alibaba,29.45307213378341
2024-10-14 15:30:00,44.60916634136381,44.4900016784668,online,HSBC,29.446389753674985
2024-10-14 16:30:00,163.2143503056482,164.92999267578125,online,Google,29.439734482117657
2024-10-14 16:30:00,177.37116481595314,174.71499633789062,online,Toyota,29.433115405169367
2024-10-14 16:30:00,106.71458380441744,107.77639770507812,online,Alibaba,29.42645520215666
2024-10-14 16:30:00,44.60678304810587,44.41999816894531,online,HSBC,29.4197911165887
2024-10-14 17:30:00,163.24866315305087,164.9550018310547,online,Google,29.41315369424204
2024-10-14 17:30:00,177.31804144639187,175.1300048828125,online,Toyota,29.406535215160144
2024-10-14 17:30:00,106.73582008243064,107.77999877929688,online,Alibaba,29.399892796456367
2024-10-14 17:30:00,44.60304735052266,44.43999862670898,online,HSBC,29.393246704262687
2024-10-14 18:30:00,163.28278992661097,165.1199951171875,online,Google,29.386630864047493
2024-10-14 18:30:00,177.27428071512028,175.0850067138672,online,Toyota,29.380030409109533
2024-10-14 18:30:00,106.75670365636796,107.48999786376952,online,Alibaba,29.37340173172445
2024-10-14 18:30:00,44.59978637604638,44.459999084472656,online,HSBC,29.366773561401452
2024-10-14 19:30:00,163.3195340304225,164.9499969482422,online,Google,29.36017014663621
2024-10-14 19:30:00,177.23049523509522,175.07000732421875,online,Toyota,29.353586633677104
2024-10-14 19:30:00,106.771369540516,107.81999969482422,online,Alibaba,29.34698018377695
2024-10-14 19:30:00,44.5969906302149,44.380001068115234,online,HSBC,29.34037012048844
2024-10-15 07:00:00,34.86410655711311,35.72999954223633,online,AXA,29.33376991484082
2024-10-15 08:00:00,34.88142441681558,35.68000030517578,online,AXA,29.32717330685333
2024-10-15 09:00:00,34.89739593458278,35.65999984741211,online,AXA,29.320580720819443
2024-10-15 10:00:00,34.91264801283937,35.66999816894531,online,AXA,29.31399252148277
2024-10-15 11:00:00,34.927795015961486,35.630001068115234,online,AXA,29.30740814797771
2024-10-15 12:00:00,34.941839137004564,35.56999969482422,online,AXA,29.30082745757637
2024-10-15 13:00:00,34.954402348160954,35.560001373291016,online,AXA,29.29425098745078
2024-10-15 13:30:00,163.35214328877888,166.6699981689453,online,Google,29.28776048563796
2024-10-15 13:30:00,177.1872854768777,170.86000061035156,online,Toyota,29.281496733023403
2024-10-15 13:30:00,106.79234214360216,103.33499908447266,online,Alibaba,29.27502218780559
2024-10-15 13:30:00,44.59265083897291,43.97999954223633,online,HSBC,29.26846336232201
2024-10-15 14:00:00,34.96651432866356,35.84000015258789,online,AXA,29.261911913332263
2024-10-15 14:30:00,163.4185003863822,165.6199951171875,online,Google,29.255396121982024
2024-10-15 14:30:00,177.06073977954716,170.41000366210938,online,Toyota,29.24918609404287
2024-10-15 14:30:00,106.72319528241958,102.93256378173828,online,Alibaba,29.24275184530524
2024-10-15 14:30:00,44.580397813038175,44.07500076293945,online,HSBC,29.23621399077077
2024-10-15 15:00:00,34.983984045142044,35.939998626708984,online,AXA,29.22968555677006
2024-10-15 15:30:00,163.4625302809983,165.91510009765625,online,Google,29.22320049906395
2024-10-15 15:30:00,176.92772505719842,170.1999969482422,online,Toyota,29.217019775893537
2024-10-15 15:30:00,106.64738265240597,102.4250030517578,online,Alibaba,29.2106336291378
2024-10-15 15:30:00,44.5702898720362,44.130001068115234,online,HSBC,29.2041170617328
2024-10-15 16:30:00,163.51158167733146,165.3419952392578,online,Google,29.19762896523372
2024-10-15 16:30:00,176.7931704950193,170.20249938964844,online,Toyota,29.191451329638546
2024-10-15 16:30:00,106.56293506039299,102.54000091552734,online,Alibaba,29.185069829423135
2024-10-15 16:30:00,44.56148409595778,44.060001373291016,online,HSBC,29.178571009436823
2024-10-15 17:30:00,163.54818994856998,165.49789428710938,online,Google,29.17210362032318
2024-10-15 17:30:00,176.66135707291187,170.11000061035156,online,Toyota,29.165939011316755
2024-10-15 17:30:00,106.48247637749567,102.36000061035156,online,Alibaba,29.159580834868784
2024-10-15 17:30:00,44.55145444150445,43.95500183105469,online,HSBC,29.15310003897412
2024-10-15 18:30:00,163.58718403534078,165.0399932861328,online,Google,29.14663694454348
2024-10-15 18:30:00,176.53032994366066,169.73989868164062,online,Toyota,29.14051354748592
2024-10-15 18:30:00,106.40002686215279,102.08999633789062,online,Alibaba,29.13418447694797
2024-10-15 18:30:00,44.53952538929545,43.90999984741211,online,HSBC,29.12772113643829
2024-10-15 19:30:00,163.61624022035662,165.50999450683594,online,Google,29.121286397792034
2024-10-15 19:30:00,176.39452131842026,169.5500030517578,online,Toyota,29.11518540708206
2024-10-15 19:30:00,106.31382625166754,101.83999633789062,online,Alibaba,29.10888425134621
2024-10-15 19:30:00,44.52693487845778,43.849998474121094,online,HSBC,29.102438446429257
2024-10-16 07:00:00,35.00310433677338,35.86000061035156,online,AXA,29.09599902544883
2024-10-16 08:00:00,35.02024226224495,35.630001068115234,online,AXA,29.08956112409208
2024-10-16 09:00:00,35.03243743836236,35.65999984741211,online,AXA,29.083127664352805
2024-10-16 10:00:00,35.044988686543356,35.599998474121094,online,AXA,29.076697821317776
2024-10-16 11:00:00,35.05608888229491,35.650001525878906,online,AXA,29.070272582953834
2024-10-16 12:00:00,35.06796713516659,35.75,online,AXA,29.063852459290004
2024-10-16 13:00:00,35.08160779246326,35.849998474121094,online,AXA,29.05743754248299
2024-10-16 13:30:00,163.6541153060862,165.60000610351562,online,Google,29.051051161423175
2024-10-16 13:30:00,176.25763095308702,171.47500610351562,online,Toyota,29.044814018839105
2024-10-16 13:30:00,106.224349653392,103.15019989013672,online,Alibaba,29.0384790886684
2024-10-16 13:30:00,44.513396150371044,44.16999816894531,online,HSBC,29.032077497201026
2024-10-16 14:00:00,35.096975606096414,35.88999938964844,online,AXA,29.02568401760316
2024-10-16 14:30:00,163.6930331220348,165.11500549316406,online,Google,29.019305338434783
2024-10-16 14:30:00,176.1619784560956,171.5,online,Toyota,29.013080462479593
2024-10-16 14:30:00,106.16286665812689,103.55000305175781,online,Alibaba,29.00674663491828
2024-10-16 14:30:00,44.50652819074253,44.05500030517578,online,HSBC,29.000366760846862
2024-10-16 15:00:00,35.112836081767455,35.86000061035156,online,AXA,28.99399378337079
2024-10-16 15:30:00,163.72147256945738,164.4199981689453,online,Google,28.987624476117166
2024-10-16 15:30:00,176.06873888697368,171.422607421875,online,Toyota,28.981419298935297
2024-10-16 15:30:00,106.11060938599951,103.20999908447266,online,Alibaba,28.97511841390129
2024-10-16 15:30:00,44.497497633031195,44.11000061035156,online,HSBC,28.96875908209891
2024-10-16 16:30:00,163.73544308144713,164.69000244140625,online,Google,28.962409701522954
2024-10-16 16:30:00,175.9758162576717,171.38999938964844,online,Toyota,28.956216867094952
2024-10-16 16:30:00,106.05259717996897,103.53990173339844,online,Alibaba,28.94991671306057
2024-10-16 16:30:00,44.4897476925776,44.1150016784668,online,HSBC,28.94357397928609
2024-10-16 17:30:00,163.75453426864632,164.9779052734375,online,Google,28.93724567791679
2024-10-16 17:30:00,175.88409992031126,171.4199981689453,online,Toyota,28.931061002995765
2024-10-16 17:30:00,106.00234327103756,103.52999877929688,online,Alibaba,28.92477590381246
2024-10-16 17:30:00,44.48225277229538,44.10499954223633,online,HSBC,28.918449784297557
2024-10-16 18:30:00,163.77900168874214,164.97999572753906,online,Google,28.912137645464515
2024-10-16 18:30:00,175.79481788528395,171.3699951171875,online,Toyota,28.905966762696224
2024-10-16 18:30:00,105.95289638120275,103.19000244140625,online,Alibaba,28.899709667071562
2024-10-16 18:30:00,44.4747077076942,44.125,online,HSBC,28.893399921940116
2024-10-16 19:30:00,163.80302156951808,165.16000366210938,online,Google,28.88710729670984
2024-10-16 19:30:00,175.706321429922,171.4600067138672,online,Toyota,28.88094108181436
2024-10-16 19:30:00,105.89763850240682,102.18000030517578,online,Alibaba,28.874747134597968
2024-10-16 19:30:00,44.467713553540314,44.095001220703125,online,HSBC,28.86845396053369
2024-10-17 07:00:00,35.127779372339134,35.88999938964844,online,AXA,28.86216823724096
2024-10-17 08:00:00,35.14302377268532,35.939998626708984,online,AXA,28.855887030835113
2024-10-17 09:00:00,35.15896326976579,35.97999954223633,online,AXA,28.84961022145357
2024-10-17 10:00:00,35.1753839952152,36.130001068115234,online,AXA,28.843339300031126
2024-10-17 11:00:00,35.1944763366732,35.91999816894531,online,AXA,28.837069569097018
2024-10-17 12:00:00,35.20898677331864,35.97999954223633,online,AXA,28.830804441755497
2024-10-17 13:00:00,35.224407028696994,36.04999923706055,online,AXA,28.824544056935725
2024-10-17 13:30:00,163.8301612113699,164.2187042236328,online,Google,28.81828375359525
2024-10-17 13:30:00,175.62139513560092,171.4499969482422,online,Toyota,28.8121575095371
2024-10-17 13:30:00,105.8232857384622,99.86000061035156,online,Alibaba,28.806172094088723
2024-10-17 13:30:00,44.46025930688357,44.31999969482422,online,HSBC,28.799922937038406
2024-10-17 14:00:00,35.24091887286426,36.0,online,AXA,28.79368203625453
2024-10-17 14:30:00,163.83793207161514,164.1999969482422,online,Google,28.787441843534847
2024-10-17 14:30:00,175.53796717185375,171.69500732421875,online,Toyota,28.781315882255626
2024-10-17 14:30:00,105.70402003589999,100.0250015258789,online,Alibaba,28.775325489730175
2024-10-17 14:30:00,44.45745411464238,44.42599868774414,online,HSBC,28.769096397525825
2024-10-17 15:00:00,35.256100495406976,35.959999084472656,online,AXA,28.762875068420605
2024-10-17 15:30:00,163.8451733691477,164.6999969482422,online,Google,28.75665954607353
2024-10-17 15:30:00,175.46110797490104,171.90499877929688,online,Toyota,28.75053764420531
2024-10-17 15:30:00,105.59043966569956,99.91999816894531,online,Alibaba,28.744566375494266
2024-10-17 15:30:00,44.45682500610442,44.43000030517578,online,HSBC,28.738357380640597
2024-10-17 16:30:00,163.86226984072957,163.82899475097656,online,Google,28.73215241050491
2024-10-17 16:30:00,175.38998579098896,171.67379760742188,online,Toyota,28.726055193795194
2024-10-17 16:30:00,105.47703083576448,99.95999908447266,online,Alibaba,28.720086827398422
2024-10-17 16:30:00,44.45628851208584,44.44990158081055,online,HSBC,28.713893816996098
2024-10-17 17:30:00,163.8616043389345,163.12750244140625,online,Google,28.70770885654436
2024-10-17 17:30:00,175.31566202731761,171.4600067138672,online,Toyota,28.70163542948859
2024-10-17 17:30:00,105.36669020073865,99.83000183105469,online,Alibaba,28.69568442911183
2024-10-17 17:30:00,44.45616077346033,44.369998931884766,online,HSBC,28.689507391974033
2024-10-17 18:30:00,163.84692230098395,163.05999755859375,online,Google,28.683338931331225
2024-10-17 18:30:00,175.23854892104862,171.30499267578125,online,Toyota,28.67728584068452
2024-10-17 18:30:00,105.25595643334496,99.79000091552734,online,Alibaba,28.671344670150603
2024-10-17 18:30:00,44.454437536628824,44.369998931884766,online,HSBC,28.66518348044428
2024-10-17 19:30:00,163.83118380613615,162.9199981689453,online,Google,28.659032429714724
2024-10-17 19:30:00,175.15987779614326,171.1999969482422,online,Toyota,28.652996610117324
2024-10-17 19:30:00,105.14663732298861,100.06999969482422,online,Alibaba,28.647040296663313
2024-10-17 19:30:00,44.45274876453394,44.375,online,HSBC,28.640894886475262
2024-10-18 07:00:00,35.27017846718829,35.90999984741211,online,AXA,28.634756449585357
2024-10-18 08:00:00,35.282974894792765,35.869998931884766,online,AXA,28.628621475571897
2024-10-18 09:00:00,35.29471537553461,35.970001220703125,online,AXA,28.62249127919288
2024-10-18 10:00:00,35.308221092437975,35.93000030517578,online,AXA,28.616364502670198
2024-10-18 11:00:00,35.32065667669273,36.029998779296875,online,AXA,28.610242533327263
2024-10-18 12:00:00,35.33484351874481,35.959999084472656,online,AXA,28.604123654269834
2024-10-18 13:00:00,35.34734663005937,36.02000045776367,online,AXA,28.598009162946916
2024-10-18 13:30:00,163.81296009339235,163.8188934326172,online,Google,28.591895211421825
2024-10-18 13:30:00,175.08068017918524,171.2050018310547,online,Toyota,28.585897458274356
2024-10-18 13:30:00,105.04510457042532,102.38999938964844,online,Alibaba,28.57984400080827
2024-10-18 13:30:00,44.45119378924326,44.5,online,HSBC,28.573741777904328
2024-10-18 14:00:00,35.360799706613456,36.04999923706055,online,AXA,28.56764699254183
2024-10-18 14:30:00,163.81307876017684,163.60499572753906,online,Google,28.561552884487195
2024-10-18 14:30:00,175.00316661222263,171.38499450683594,online,Toyota,28.555560101514182
2024-10-18 14:30:00,104.99200246680978,102.29499816894531,online,Alibaba,28.54952774343855
2024-10-18 14:30:00,44.4521699134584,44.689998626708984,online,HSBC,28.543445385571218
2024-10-18 15:00:00,35.3745836972224,36.06999969482422,online,AXA,28.53737010047008
2024-10-18 15:30:00,163.80891709952408,163.6199951171875,online,Google,28.531295354414365
2024-10-18 15:30:00,174.9308031701149,171.88999938964844,online,Toyota,28.525293188378754
2024-10-18 15:30:00,104.93806238085249,102.13999938964844,online,Alibaba,28.519284297401594
2024-10-18 15:30:00,44.45692648772341,44.72949981689453,online,HSBC,28.513221433742498
2024-10-18 16:30:00,163.80513865987734,163.5,online,Google,28.507162575827298
2024-10-18 16:30:00,174.86998709450557,171.80160522460938,online,Toyota,28.501177050285843
2024-10-18 16:30:00,104.8821011210284,102.08999633789062,online,Alibaba,28.495183288457145
2024-10-18 16:30:00,44.46237795430683,44.70000076293945,online,HSBC,28.48913570236988
2024-10-18 17:30:00,163.7990358866798,163.49000549316406,online,Google,28.483092256200397
2024-10-18 17:30:00,174.80861945710765,171.7899932861328,online,Toyota,28.477119793833754
2024-10-18 17:30:00,104.82625902536564,102.5999984741211,online,Alibaba,28.471120205273888
2024-10-18 17:30:00,44.467130410479484,44.75,online,HSBC,28.465088144710656
2024-10-18 18:30:00,163.7928552788095,163.83999633789062,online,Google,28.45905933810569
2024-10-18 18:30:00,174.74824693368816,171.4949951171875,online,Toyota,28.453113084158627
2024-10-18 18:30:00,104.78173381434075,102.43000030517578,online,Alibaba,28.447133036486157
2024-10-18 18:30:00,44.47278780226989,44.665000915527344,online,HSBC,28.441115937710595
2024-10-18 19:30:00,163.7937980999911,163.39999389648438,online,Google,28.435103534084796
2024-10-18 19:30:00,174.68318189735814,171.55999755859375,online,Toyota,28.429166298228026
2024-10-18 19:30:00,104.73469914415746,102.41000366210938,online,Alibaba,28.42320051121323
2024-10-18 19:30:00,44.47663206453504,44.720001220703125,online,HSBC,28.41719879718131
2024-10-21 07:00:00,35.388492017174435,35.81999969482422,online,AXA,28.411201827030016
2024-10-21 08:00:00,35.39712217072743,35.869998931884766,online,AXA,28.405208930998757
2024-10-21 09:00:00,35.40657970595058,35.810001373291016,online,AXA,28.399219375142287
2024-10-21 10:00:00,35.414648139297384,35.70000076293945,online,AXA,28.3932330038568
2024-10-21 11:00:00,35.42035519177023,35.709999084472656,online,AXA,28.387250435464804
2024-10-21 12:00:00,35.426148069624276,35.779998779296875,online,AXA,28.381271954265987
2024-10-21 13:00:00,35.433225083817725,35.79999923706055,online,AXA,28.3752973186393
2024-10-21 13:30:00,163.78592201592096,164.19000244140625,online,Google,28.36932666880421
2024-10-21 13:30:00,174.62071821058285,169.69219970703125,online,Toyota,28.36353871828506
2024-10-21 13:30:00,104.6882052345165,100.91999816894531,online,Alibaba,28.357679635904596
2024-10-21 13:30:00,44.4814994476584,44.29999923706055,online,HSBC,28.351719253738565
2024-10-21 14:00:00,35.44056056688258,35.7400016784668,online,AXA,28.34576304896069
2024-10-21 14:30:00,163.79400362443067,162.75,online,Google,28.33981800903628
2024-10-21 14:30:00,174.52214784051182,168.75,online,Toyota,28.33411546876572
2024-10-21 14:30:00,104.61284109320508,100.22000122070312,online,Alibaba,28.328312721363673
2024-10-21 14:30:00,44.477869443446444,44.130001068115234,online,HSBC,28.32237165354997
2024-10-21 15:00:00,35.44654938911427,35.70000076293945,online,AXA,28.31643390249846
2024-10-21 15:30:00,163.77312355194206,163.5399932861328,online,Google,28.31049981161676
2024-10-21 15:30:00,174.4067048837016,169.0959930419922,online,Toyota,28.304777768406932
2024-10-21 15:30:00,104.52498429575503,100.41799926757812,online,Alibaba,28.298975486133042
2024-10-21 15:30:00,44.47091207593982,44.165000915527344,online,HSBC,28.293052792557198
2024-10-21 16:30:00,163.76846094662588,163.99099731445312,online,Google,28.287133490835252
2024-10-21 16:30:00,174.30049064686742,168.99000549316406,online,Toyota,28.28142606236448
2024-10-21 16:30:00,104.44284459519149,100.42500305175781,online,Alibaba,28.27563311422069
2024-10-21 16:30:00,44.464793852731574,44.22999954223633,online,HSBC,28.269724915800133
2024-10-21 17:30:00,163.77291167398243,163.9149932861328,online,Google,28.263820161532234
2024-10-21 17:30:00,174.19428094379336,168.9499969482422,online,Toyota,28.258122143358154
2024-10-21 17:30:00,104.36248776432282,100.58999633789062,online,Alibaba,28.252329711150402
2024-10-21 17:30:00,44.46009796652167,44.16999816894531,online,HSBC,28.246436449251373
2024-10-21 18:30:00,163.77575330622545,164.14999389648438,online,Google,28.240547286936984
2024-10-21 18:30:00,174.08939526388232,169.11000061035156,online,Toyota,28.234843797978723
2024-10-21 18:30:00,104.28703793579417,100.63999938964844,online,Alibaba,28.22905908808686
2024-10-21 18:30:00,44.45429597057014,44.150001525878906,online,HSBC,28.223180554520653
2024-10-21 19:30:00,163.78323811803062,164.0500030517578,online,Google,28.21730553440177
2024-10-21 19:30:00,173.98980737081172,169.1300048828125,online,Toyota,28.211607848717094
2024-10-21 19:30:00,104.21409716487126,100.86000061035156,online,Alibaba,28.20582255563023
2024-10-21 19:30:00,44.44821008167632,44.189998626708984,online,HSBC,28.199958441105544
2024-10-22 07:00:00,35.45161841659077,35.619998931884766,online,AXA,28.19409770053614
2024-10-22 08:00:00,35.45498602689665,35.54999923706055,online,AXA,28.188240470292033
2024-10-22 09:00:00,35.45688629109993,35.369998931884766,online,AXA,28.182386878157253
2024-10-22 10:00:00,35.45514854391563,35.220001220703125,online,AXA,28.17653728293916
2024-10-22 11:00:00,35.45044559745138,35.18000030517578,online,AXA,28.170691460443706
2024-10-22 12:00:00,35.445036691605864,35.18000030517578,online,AXA,28.16484925408031
2024-10-22 13:00:00,35.43973596387726,35.34000015258789,online,AXA,28.15901023752777
2024-10-22 13:30:00,163.78857341670516,165.42999267578125,online,Google,28.153194607945974
2024-10-22 13:30:00,173.89261132105173,169.52999877929688,online,Toyota,28.1475028219038
2024-10-22 13:30:00,104.14701523378086,101.19999694824219,online,Alibaba,28.14173847334807
2024-10-22 13:30:00,44.44304585257697,44.275001525878906,online,HSBC,28.135914043001705
2024-10-22 14:00:00,35.43774124765147,35.349998474121094,online,AXA,28.130093076685977
2024-10-22 14:30:00,163.82140180188668,164.57000732421875,online,Google,28.124279785562216
2024-10-22 14:30:00,173.80535907021664,169.76499938964844,online,Toyota,28.11858598100283
2024-10-22 14:30:00,104.0880748680701,100.73999786376953,online,Alibaba,28.112858139181018
2024-10-22 14:30:00,44.43968496604301,44.5099983215332,online,HSBC,28.107051533261483
2024-10-22 15:00:00,35.435986392180865,35.369998931884766,online,AXA,28.101248519553046
2024-10-22 15:30:00,163.83637391233333,164.10000610351562,online,Google,28.09544957717454
2024-10-22 15:30:00,173.72455187660526,169.72000122070312,online,Toyota,28.0897714733201
2024-10-22 15:30:00,104.02111332798408,100.48999786376953,online,Alibaba,28.084070713151345
2024-10-22 15:30:00,44.44109123315282,44.470001220703125,online,HSBC,28.07828197951263
2024-10-22 16:30:00,163.84164655615697,164.54750061035156,online,Google,28.072500474179822
2024-10-22 16:30:00,173.6444608634872,170.06500244140625,online,Toyota,28.066812893866928
2024-10-22 16:30:00,103.9504910186998,100.4000015258789,online,Alibaba,28.061127330099506
2024-10-22 16:30:00,44.44166943290382,44.47999954223633,online,HSBC,28.055352852218082
2024-10-22 17:30:00,163.85576363724087,165.03500366210938,online,Google,28.04959212373735
2024-10-22 17:30:00,173.5728716950456,170.11410522460938,online,Toyota,28.043912458418816
2024-10-22 17:30:00,103.87948122884337,100.4800033569336,online,Alibaba,28.038233332545055
2024-10-22 17:30:00,44.44243603509047,44.53499984741211,online,HSBC,28.032473100801415
2024-10-22 18:30:00,163.87934843773823,164.74000549316406,online,Google,28.02672178204854
2024-10-22 18:30:00,173.50369636563687,170.0500030517578,online,Toyota,28.021055953186863
2024-10-22 18:30:00,103.81149167140518,100.30500030517578,online,Alibaba,28.015396320982635
2024-10-22 18:30:00,44.44428731133691,44.57500076293945,online,HSBC,28.00965028741194
2024-10-22 19:30:00,163.89656157884676,165.16000366210938,online,Google,28.003919348574208
2024-10-22 19:30:00,173.43462249935928,169.85000610351562,online,Toyota,27.99827429727838
2024-10-22 19:30:00,103.74136184408059,100.44000244140625,online,Alibaba,27.992618461530906
2024-10-22 19:30:00,44.44690158036896,44.61000061035156,online,HSBC,27.98688657490022
2024-10-23 07:00:00,35.434666642974946,35.31999969482422,online,AXA,27.98115810964378
2024-10-23 08:00:00,35.43237330401193,35.189998626708984,online,AXA,27.975433494048506
2024-10-23 09:00:00,35.42752581046587,35.25,online,AXA,27.969712191843268
2024-10-23 10:00:00,35.42397529425656,35.119998931884766,online,AXA,27.963994843685313
2024-10-23 11:00:00,35.41789576700912,35.22999954223633,online,AXA,27.95828058344405
2024-10-23 12:00:00,35.41413784251367,35.16999816894531,online,AXA,27.95257000255137
2024-10-23 13:00:00,35.4092550490423,35.2599983215332,online,AXA,27.946862647117985
2024-10-23 13:30:00,163.921830420512,164.1999969482422,online,Google,27.94115918881599
2024-10-23 13:30:00,173.3629301714424,171.5399932861328,online,Toyota,27.93548292331327
2024-10-23 13:30:00,103.6753346560271,99.23500061035156,online,Alibaba,27.929929823753938
2024-10-23 13:30:00,44.45016356096861,44.2599983215332,online,HSBC,27.924236492755558
2024-10-23 14:00:00,35.40626991449212,35.2400016784668,online,AXA,27.918546580034818
2024-10-23 14:30:00,163.9273937510666,162.67999267578125,online,Google,27.912871295931637
2024-10-23 14:30:00,173.3264714337362,170.94000244140625,online,Toyota,27.907229676298332
2024-10-23 14:30:00,103.5865279751136,98.19999694824219,online,Alibaba,27.901761589701735
2024-10-23 14:30:00,44.4463602561799,44.209999084472656,online,HSBC,27.896085715545716
2024-10-23 15:00:00,35.40294454977162,35.13999938964844,online,AXA,27.89041340090162
2024-10-23 15:30:00,163.9024457295609,162.86000061035156,online,Google,27.884751962377866
2024-10-23 15:30:00,173.2787420538896,171.02000427246094,online,Toyota,27.879123237372234
2024-10-23 15:30:00,103.47879735457617,98.36000061035156,online,Alibaba,27.87365168555867
2024-10-23 15:30:00,44.441633032745756,44.22999954223633,online,HSBC,27.867992961579134
2024-10-23 16:30:00,163.8815968271767,162.477294921875,online,Google,27.862351719243097
2024-10-23 16:30:00,173.23356729826102,170.7799072265625,online,Toyota,27.85674339141701
2024-10-23 16:30:00,103.37642141969168,98.05999755859375,online,Alibaba,27.85130042034826
2024-10-23 16:30:00,44.43740036293557,44.130001068115234,online,HSBC,27.8456557649217
2024-10-23 17:30:00,163.85351078907067,162.22999572753906,online,Google,27.840033033900472
2024-10-23 17:30:00,173.18449409682705,170.73500061035156,online,Toyota,27.83443819967003
2024-10-23 17:30:00,103.27009294246972,98.04000091552734,online,Alibaba,27.829002101280594
2024-10-23 17:30:00,44.431252377039165,44.02000045776367,online,HSBC,27.823371640010663
2024-10-23 18:30:00,163.82104048784004,162.7091064453125,online,Google,27.817752356088103
2024-10-23 18:30:00,173.13550422709756,171.4250030517578,online,Toyota,27.812148764117623
2024-10-23 18:30:00,103.16549110193087,97.82029724121094,online,Alibaba,27.806734967119493
2024-10-23 18:30:00,44.423027338653654,44.14500045776367,online,HSBC,27.801117439064967
2024-10-23 19:30:00,163.79880180698947,162.77000427246094,online,Google,27.795510442681326
2024-10-23 19:30:00,173.10129420359075,171.33999633789062,online,Toyota,27.789921688745068
2024-10-23 19:30:00,103.05858722471648,97.95999908447266,online,Alibaba,27.78450257905796
2024-10-23 19:30:00,44.41746680103586,44.16999816894531,online,HSBC,27.778898484553288
2024-10-24 07:00:00,35.39768564656915,35.45000076293945,online,AXA,27.773297355360103
2024-10-24 08:00:00,35.398731948896554,35.38999938964844,online,AXA,27.76769959361639
2024-10-24 09:00:00,35.39855729771159,35.290000915527344,online,AXA,27.76210530018693
2024-10-24 10:00:00,35.396386170067906,35.209999084472656,online,AXA,27.75651455321192
2024-10-24 11:00:00,35.392658428356,35.279998779296875,online,AXA,27.750927022760123
2024-10-24 12:00:00,35.39040523537482,35.27000045776367,online,AXA,27.745342878511607
2024-10-24 13:00:00,35.3879971398226,35.369998931884766,online,AXA,27.739762001214476
2024-10-24 13:30:00,163.7782258562989,162.0800018310547,online,Google,27.734205393825654
2024-10-24 13:30:00,173.06606824627676,169.82000732421875,online,Toyota,27.728707606017487
2024-10-24 13:30:00,102.9566154619116,95.91999816894531,online,Alibaba,27.723495575436306
2024-10-24 13:30:00,44.41251742839405,44.470001220703125,online,HSBC,27.717928073347302
2024-10-24 14:00:00,35.38763717566385,35.15999984741211,online,AXA,27.71236427556314
2024-10-24 14:30:00,163.744261375794,162.47000122070312,online,Google,27.706815210427038
2024-10-24 14:30:00,173.0011470278356,169.91000366210938,online,Toyota,27.701326911503376
2024-10-24 14:30:00,102.81588311605228,95.82499694824219,online,Alibaba,27.69612653130243
2024-10-24 14:30:00,44.413667104240226,44.380001068115234,online,HSBC,27.690575657290488
2024-10-24 15:00:00,35.383084429098815,35.279998779296875,online,AXA,27.68502818816647
2024-10-24 15:30:00,163.71877617269217,163.0211944580078,online,Google,27.67948749532818
2024-10-24 15:30:00,172.93932416052107,169.75999450683594,online,Toyota,27.67401972101737
2024-10-24 15:30:00,102.67606539269607,95.9800033569336,online,Alibaba,27.668806379432823
2024-10-24 15:30:00,44.41299378351773,44.314998626708984,online,HSBC,27.66327213409827
2024-10-24 16:30:00,163.7048245383985,163.0399932861328,online,Google,27.657744333852694
2024-10-24 16:30:00,172.87573756744737,170.26910400390625,online,Toyota,27.65226575779275
2024-10-24 16:30:00,102.54214415198082,96.08999633789062,online,Alibaba,27.647042176985803
2024-10-24 16:30:00,44.41103388038155,44.404998779296875,online,HSBC,27.64152105044859
2024-10-24 17:30:00,163.69152791335318,162.9250030517578,online,Google,27.636007473691595
2024-10-24 17:30:00,172.82360489617656,169.94000244140625,online,Toyota,27.630552999670385
2024-10-24 17:30:00,102.41310119569901,96.23500061035156,online,Alibaba,27.625317332087565
2024-10-24 17:30:00,44.410913178359856,44.400001525878906,online,HSBC,27.61980934419079
2024-10-24 18:30:00,163.67619741612128,162.9949951171875,online,Google,27.614307997487455
2024-10-24 18:30:00,172.76593284708116,170.13999938964844,online,Toyota,27.608856343906808
2024-10-24 18:30:00,102.28953918399206,96.48999786376953,online,Alibaba,27.603600845800685
2024-10-24 18:30:00,44.41069494531024,44.42499923706055,online,HSBC,27.598105953055384
2024-10-24 19:30:00,163.6625733701426,162.7100067138672,online,Google,27.592620882018156
2024-10-24 19:30:00,172.7134141779325,170.33999633789062,online,Toyota,27.587173154888628
2024-10-24 19:30:00,102.1735483575876,96.33999633789062,online,Alibaba,27.58193336961776
2024-10-24 19:30:00,44.41098103114525,44.5099983215332,online,HSBC,27.576451589206105
2024-10-25 07:00:00,35.38102271610278,35.130001068115234,online,AXA,27.57097345934695
2024-10-25 08:00:00,35.37600228314302,35.150001525878906,online,AXA,27.56549850730508
2024-10-25 09:00:00,35.37148226799774,35.119998931884766,online,AXA,27.560026903486005
2024-10-25 10:00:00,35.36645260127548,34.91999816894531,online,AXA,27.554559536845055
2024-10-25 11:00:00,35.35752351262888,34.970001220703125,online,AXA,27.54909507007433
2024-10-25 12:00:00,35.34977306679036,34.97999954223633,online,AXA,27.543633757172564
2024-10-25 13:00:00,35.34237759629928,34.86000061035156,online,AXA,27.53817638223865
2024-10-25 13:30:00,163.6435220370171,165.3300018310547,online,Google,27.532741041204503
2024-10-25 13:30:00,172.66594582113166,172.8300018310547,online,Toyota,27.52728866697464
2024-10-25 13:30:00,102.05687731719367,98.75,online,Alibaba,27.521917986562674
2024-10-25 13:30:00,44.41296137695301,44.709999084472656,online,HSBC,27.516472510738126
2024-10-25 14:00:00,35.332730056580324,34.97999954223633,online,AXA,27.511030526617755
2024-10-25 14:30:00,163.67725163289785,165.07000732421875,online,Google,27.50560481923484
2024-10-25 14:30:00,172.66922694133012,172.10000610351562,online,Toyota,27.50017072020192
2024-10-25 14:30:00,101.9907397708498,97.80000305175781,online,Alibaba,27.49486369952443
2024-10-25 14:30:00,44.4189021311034,44.564998626708984,online,HSBC,27.489433841206317
2024-10-25 15:00:00,35.325675446293445,34.849998474121094,online,AXA,27.484008670505382
2024-10-25 15:30:00,163.70510674672425,165.39010620117188,online,Google,27.478605474801373
2024-10-25 15:30:00,172.65784252457382,172.33999633789062,online,Toyota,27.473185822204623
2024-10-25 15:30:00,101.90692503646795,97.73500061035156,online,Alibaba,27.46789358126414
2024-10-25 15:30:00,44.42182406101551,44.490501403808594,online,HSBC,27.462479622040966
2024-10-25 16:30:00,163.7388067358132,164.91000366210938,online,Google,27.457078671051732
2024-10-25 16:30:00,172.65148560084015,172.16000366210938,online,Toyota,27.45167280585425
2024-10-25 16:30:00,101.82348654794562,97.41500091552734,online,Alibaba,27.446407790990353
2024-10-25 16:30:00,44.42319760787137,44.44499969482422,online,HSBC,27.441006553021932
2024-10-25 17:30:00,163.76223067433912,165.0,online,Google,27.43561948312442
2024-10-25 17:30:00,172.64165596206553,172.19749450683594,online,Toyota,27.43022602556646
2024-10-25 17:30:00,101.73531683529725,97.53849792480469,online,Alibaba,27.424960560757157
2024-10-25 17:30:00,44.42363364961043,44.400001525878906,online,HSBC,27.419572027412105
2024-10-25 18:30:00,163.78698606085234,164.95799255371094,online,Google,27.414196488324624
2024-10-25 18:30:00,172.63277273296094,171.99000549316406,online,Toyota,27.40881725506168
2024-10-25 18:30:00,101.6513804570874,97.33499908447266,online,Alibaba,27.40357164574278
2024-10-25 18:30:00,44.423161007135796,44.435001373291016,online,HSBC,27.398195762114923
2024-10-25 19:30:00,163.8104061907095,165.27000427246094,online,Google,27.392838289714398
2024-10-25 19:30:00,172.619917388165,171.9199981689453,online,Toyota,27.38747223011587
2024-10-25 19:30:00,101.5650528296351,97.37999725341797,online,Alibaba,27.382231141330344
2024-10-25 19:30:00,44.4233978144589,44.36000061035156,online,HSBC,27.376867889032216
2024-10-28 08:00:00,35.31616190685,35.34000015258789,online,AXA,27.371507762278938
2024-10-28 09:00:00,35.31663867176476,35.130001068115234,online,AXA,27.366151027710504
2024-10-28 10:00:00,35.312905919691765,35.06999969482422,online,AXA,27.360797609926077
2024-10-28 11:00:00,35.30804779519441,34.959999084472656,online,AXA,27.355447777128067
2024-10-28 12:00:00,35.301086820979975,35.060001373291016,online,AXA,27.350100631564953
2024-10-28 13:00:00,35.2962651120262,35.099998474121094,online,AXA,27.34475648064575
2024-10-28 13:30:00,163.83959815234454,167.57000732421875,online,Google,27.339514601474853
2024-10-28 13:30:00,172.6059190037806,175.73440551757812,online,Toyota,27.334246323687356
2024-10-28 13:30:00,101.48135171811076,99.95999908447266,online,Alibaba,27.32892777897442
2024-10-28 13:30:00,44.42212987037676,44.994998931884766,online,HSBC,27.323598168519847
2024-10-28 14:00:00,35.2923397792681,35.25,online,AXA,27.318269346908227
2024-10-28 14:30:00,163.914206335782,166.50999450683594,online,Google,27.312991718798028
2024-10-28 14:30:00,172.66848873405655,176.27999877929688,online,Toyota,27.307762174267413
2024-10-28 14:30:00,101.450924665438,100.87149810791016,online,Alibaba,27.302445048185515
2024-10-28 14:30:00,44.433587251606916,45.255001068115234,online,HSBC,27.297133446574506
2024-10-28 15:00:00,35.29149298368274,35.36000061035156,online,AXA,27.291820169347297
2024-10-28 15:30:00,163.9661220992031,166.3300018310547,online,Google,27.286549801934207
2024-10-28 15:30:00,172.74071893496136,176.41009521484375,online,Toyota,27.281338664873033
2024-10-28 15:30:00,101.43933613428744,100.48999786376953,online,Alibaba,27.27604104641032
2024-10-28 15:30:00,44.45001552793708,45.2599983215332,online,HSBC,27.270744770846683
2024-10-28 16:00:00,35.29286313621611,35.380001068115234,online,AXA,27.26544696286802
2024-10-28 16:30:00,164.0133996938401,166.5648956298828,online,Google,27.2601985590089
2024-10-28 16:30:00,172.814106460559,176.0500946044922,online,Toyota,27.254981432694848
2024-10-28 16:30:00,101.42034936887708,100.48600006103516,online,Alibaba,27.249699013479585
2024-10-28 16:30:00,44.466215183809005,45.29999923706055,online,HSBC,27.244418403501673
2024-10-28 17:30:00,164.06442961256096,167.12649536132812,online,Google,27.239202653086018
2024-10-28 17:30:00,172.87882622343767,176.47000122070312,online,Toyota,27.23401499870699
2024-10-28 17:30:00,101.40166238272025,100.29000091552734,online,Alibaba,27.228747414843777
2024-10-28 17:30:00,44.48289086487404,45.2400016784668,online,HSBC,27.22347818007362
2024-10-28 18:30:00,164.1256709275363,166.88999938964844,online,Google,27.218262275342347
2024-10-28 18:30:00,172.95064972338298,176.5399932861328,online,Toyota,27.213086681462517
2024-10-28 18:30:00,101.37942915337639,100.29989624023438,online,Alibaba,27.20783080407888
2024-10-28 18:30:00,44.49803308114589,45.220001220703125,online,HSBC,27.202573398768845
2024-10-28 19:30:00,164.18095749677855,166.75,online,Google,27.197362240547058
2024-10-28 19:30:00,173.02243659463798,176.67999267578125,online,Toyota,27.192202267537994
2024-10-28 19:30:00,101.35783849511355,99.94000244140625,online,Alibaba,27.186964552883854
2024-10-28 19:30:00,44.512472443937035,45.20000076293945,online,HSBC,27.181718954602886
2024-10-29 08:00:00,35.294605894854094,35.540000915527344,online,AXA,27.176473465153585
2024-10-29 09:00:00,35.29951379526756,35.63999938964844,online,AXA,27.171231407187296
2024-10-29 10:00:00,35.30632350715518,35.459999084472656,online,AXA,27.165991726845053
2024-10-29 11:00:00,35.309397018701524,35.34000015258789,online,AXA,27.16075491576057
2024-10-29 12:00:00,35.31000908137925,35.2599983215332,online,AXA,27.15552114312836
2024-10-29 13:00:00,35.30900886618233,35.290000915527344,online,AXA,27.150290379748057
2024-10-29 13:30:00,164.23233834684297,167.6300048828125,online,Google,27.14514451348747
2024-10-29 13:30:00,173.09558771626084,176.72000122070312,online,Toyota,27.140012924969437
2024-10-29 13:30:00,101.32948177403941,99.83999633789062,online,Alibaba,27.13480691052136
2024-10-29 13:30:00,44.52622301031708,47.08000183105469,online,HSBC,27.129634406121543
2024-10-29 14:00:00,35.308628707169234,35.15999984741211,online,AXA,27.12441882978396
2024-10-29 14:30:00,164.30029167756237,168.85499572753906,online,Google,27.119353099698607
2024-10-29 14:30:00,173.1680759863497,176.25999450683594,online,Toyota,27.114211075760984
2024-10-29 14:30:00,101.29969206531644,100.04000091552734,online,Alibaba,27.109015553514833
2024-10-29 14:30:00,44.577298586731835,46.82500076293945,online,HSBC,27.103847565554766
2024-10-29 15:00:00,35.30565612997409,35.16999816894531,online,AXA,27.098646919144755
2024-10-29 15:30:00,164.3913857585619,168.49000549316406,online,Google,27.09356805073012
2024-10-29 15:30:00,173.22991435675942,176.07000732421875,online,Toyota,27.088430321595368
2024-10-29 15:30:00,101.27449824232065,100.05999755859375,online,Alibaba,27.08324891792875
2024-10-29 15:30:00,44.622252630255986,46.619998931884766,online,HSBC,27.07808829430152
2024-10-29 16:00:00,35.30294297075351,35.09000015258789,online,AXA,27.072902731954656
2024-10-29 16:30:00,164.47335815325394,169.50999450683594,online,Google,27.067899228222654
2024-10-29 16:30:00,173.2867162161086,176.125,online,Toyota,27.06277622472982
2024-10-29 16:30:00,101.2502082286461,100.0302963256836,online,Alibaba,27.05760974340768
2024-10-29 16:30:00,44.662207556288564,46.609500885009766,online,HSBC,27.052462510777485
2024-10-29 17:30:00,164.57409088032557,169.8300018310547,online,Google,27.047486649238994
2024-10-29 17:30:00,173.34348189178644,176.47500610351562,online,Toyota,27.042387788294853
2024-10-29 17:30:00,101.22580999058685,100.0199966430664,online,Alibaba,27.037232862119414
2024-10-29 17:30:00,44.70115342286299,46.599998474121094,online,HSBC,27.032096086342612
2024-10-29 18:30:00,164.67920909934014,170.10000610351562,online,Google,27.027144286717625
2024-10-29 18:30:00,173.406112376021,176.52499389648438,online,Toyota,27.022056583274527
2024-10-29 18:30:00,101.20169372363644,99.88999938964844,online,Alibaba,27.016915288527606
2024-10-29 18:30:00,44.73913032388815,46.564998626708984,online,HSBC,27.01178832117689
2024-10-29 19:30:00,164.78762503942366,169.6750030517578,online,Google,27.00680930082711
2024-10-29 19:30:00,173.46849000643027,176.02000427246094,online,Toyota,27.001710581304877
2024-10-29 19:30:00,101.17545983695668,99.83000183105469,online,Alibaba,26.99658163488199
2024-10-29 19:30:00,44.77564768994456,46.439998626708984,online,HSBC,26.991462387867077
2024-10-30 08:00:00,35.2986841143902,35.040000915527344,online,AXA,26.98632700908199
2024-10-30 09:00:00,35.29351045041294,35.09000015258789,online,AXA,26.98119438095308
2024-10-30 10:00:00,35.289440244456436,34.970001220703125,online,AXA,26.976065107766644
2024-10-30 11:00:00,35.28305146398137,34.790000915527344,online,AXA,26.97093975323931
2024-10-30 12:00:00,35.27319045301229,34.779998779296875,online,AXA,26.965817321280067
2024-10-30 13:00:00,35.263326619537985,35.0,online,AXA,26.960696583290716
2024-10-30 13:30:00,164.88537259967035,180.94000244140625,online,Google,26.957393335868538
2024-10-30 13:30:00,173.5195202917509,176.2100067138672,online,Toyota,26.9523285585706
2024-10-30 13:30:00,101.14855067683864,99.69000244140625,online,Alibaba,26.94723069444213
2024-10-30 13:30:00,44.80893470867985,46.540000915527344,online,HSBC,26.942141850548037
2024-10-30 14:00:00,35.25806008714723,34.95000076293945,online,AXA,26.937035487288533
2024-10-30 14:30:00,165.20646519650506,179.66990661621094,online,Google,26.933402975353445
2024-10-30 14:30:00,173.57333002019323,175.8000030517578,online,Toyota,26.928336340347837
2024-10-30 14:30:00,101.11937971212998,99.08999633789062,online,Alibaba,26.923266685319764
2024-10-30 14:30:00,44.8435560328168,46.36000061035156,online,HSBC,26.91818712714807
2024-10-30 15:00:00,35.25189890066307,34.91999816894531,online,AXA,26.913095064968292
2024-10-30 15:30:00,165.49573402489918,179.13999938964844,online,Google,26.909313446385283
2024-10-30 15:30:00,173.61786348082452,175.6699981689453,online,Toyota,26.90425572810144
2024-10-30 15:30:00,101.0787920446452,98.94000244140625,online,Alibaba,26.899203434030877
2024-10-30 15:30:00,44.873884924367495,46.285499572753906,online,HSBC,26.894135876068752
2024-10-30 16:00:00,35.24526088602872,34.72999954223633,online,AXA,26.889059063046943
2024-10-30 16:30:00,165.76861933219416,176.33999633789062,online,Google,26.884767866644594
2024-10-30 16:30:00,173.65890617458695,175.76499938964844,online,Toyota,26.8797259257163
2024-10-30 16:30:00,101.03601625258042,98.97000122070312,online,Alibaba,26.874685670253374
2024-10-30 16:30:00,44.902117217335224,46.255001068115234,online,HSBC,26.86963116384874
2024-10-30 17:30:00,165.9800468723081,176.72000122070312,online,Google,26.86537586904752
2024-10-30 17:30:00,173.70102803888818,175.47999572753906,online,Toyota,26.86033629003238
2024-10-30 17:30:00,100.99469595194287,99.19499969482422,online,Alibaba,26.8553000828619
2024-10-30 17:30:00,44.92917489435082,46.2400016784668,online,HSBC,26.850256062924192
2024-10-30 18:30:00,166.194845959276,176.21499633789062,online,Google,26.845906656787328
2024-10-30 18:30:00,173.7366073926612,175.4550018310547,online,Toyota,26.840876856593475
2024-10-30 18:30:00,100.9587020268005,98.9800033569336,online,Alibaba,26.835856641346297
2024-10-30 18:30:00,44.95539143003314,46.334999084472656,online,HSBC,26.83082516736971
2024-10-30 19:30:00,166.3952489668483,174.52000427246094,online,Google,26.826245570646037
2024-10-30 19:30:00,173.77097528142906,175.2100067138672,online,Toyota,26.821220860382496
2024-10-30 19:30:00,100.91912805340316,98.69999694824219,online,Alibaba,26.816218964268337
2024-10-30 19:30:00,44.98298358312193,46.209999084472656,online,HSBC,26.811195957221205
2024-10-31 08:00:00,35.23495565915287,34.439998626708984,online,AXA,26.80616966519441
2024-10-31 09:00:00,35.21905651850399,34.279998779296875,online,AXA,26.80114795079725
2024-10-31 10:00:00,35.20027536371985,34.400001525878906,online,AXA,26.796127373311027
2024-10-31 11:00:00,35.18426988696303,34.439998626708984,online,AXA,26.791109014526835
2024-10-31 12:00:00,35.16938446175795,34.439998626708984,online,AXA,26.786093323675622
2024-10-31 13:00:00,35.15479674505697,34.380001068115234,online,AXA,26.78108092920669
2024-10-31 13:30:00,166.55774407296056,174.35000610351562,online,Google,26.776491649225253
2024-10-31 13:30:00,173.79975591007783,172.89999389648438,online,Toyota,26.771486267988703
2024-10-31 13:30:00,100.87474543129994,97.13999938964844,online,Alibaba,26.766575516071597
2024-10-31 13:30:00,45.00752389314894,46.04999923706055,online,HSBC,26.761577672075788
2024-10-31 14:00:00,35.139300831518135,34.150001525878906,online,AXA,26.756581877531676
2024-10-31 14:30:00,166.71358931357167,174.18589782714844,online,Google,26.751972027716565
2024-10-31 14:30:00,173.78176066980598,172.35000610351562,online,Toyota,26.746989242957817
2024-10-31 14:30:00,100.80005051046692,97.4800033569336,online,Alibaba,26.74207189795585
2024-10-31 14:30:00,45.02837340002718,46.029998779296875,online,HSBC,26.737087380416945
2024-10-31 15:00:00,35.11951484540535,34.27000045776367,online,AXA,26.73210368910723
2024-10-31 15:30:00,166.86303548384322,173.1199951171875,online,Google,26.727390929496817
2024-10-31 15:30:00,173.75312557848017,172.6999969482422,online,Toyota,26.722415467336905
2024-10-31 15:30:00,100.73364956739626,97.58999633789062,online,Alibaba,26.717503984900638
2024-10-31 15:30:00,45.04840590761257,46.040000915527344,online,HSBC,26.712533198002255
2024-10-31 16:00:00,35.102524557652515,34.31999969482422,online,AXA,26.70756260338803
2024-10-31 16:30:00,166.9881746765101,171.97279357910156,online,Google,26.7027637269106
2024-10-31 16:30:00,173.7320630058754,172.9250030517578,online,Toyota,26.69779892385075
2024-10-31 16:30:00,100.67077650280615,97.68000030517578,online,Alibaba,26.692894685792712
2024-10-31 16:30:00,45.06823780777086,46.20989990234375,online,HSBC,26.687939955677084
2024-10-31 17:30:00,167.08786705456194,171.5399932861328,online,Google,26.6831169866271
2024-10-31 17:30:00,173.71592180679306,172.8800048828125,online,Toyota,26.678163548450232
2024-10-31 17:30:00,100.61096097885354,97.95210266113281,online,Alibaba,26.673257233530816
2024-10-31 17:30:00,45.09107104966232,46.15999984741211,online,HSBC,26.66831239716471
2024-10-31 18:30:00,167.17690957919336,172.08200073242188,online,Google,26.66352983745891
2024-10-31 18:30:00,173.69920346831344,172.9499969482422,online,Toyota,26.658586433340112
2024-10-31 18:30:00,100.55778381249912,98.0199966430664,online,Alibaba,26.653686687886573
2024-10-31 18:30:00,45.112449625617316,46.2599983215332,online,HSBC,26.648754032700698
2024-10-31 19:30:00,167.27501140225795,171.0449981689453,online,Google,26.64391382001444
2024-10-31 19:30:00,173.68421933791203,173.00250244140625,online,Toyota,26.63898070841116
2024-10-31 19:30:00,100.50702806911048,97.9800033569336,online,Alibaba,26.634091507461083
2024-10-31 19:30:00,45.135400599535636,46.119998931884766,online,HSBC,26.629167377101584
2024-11-01 08:00:00,35.08687406039595,34.209999084472656,online,AXA,26.62424458812842
2024-11-01 09:00:00,35.06933656087748,34.22999954223633,online,AXA,26.619324084562116
2024-11-01 10:00:00,35.05254982050466,34.27000045776367,online,AXA,26.614405671808985
2024-11-01 11:00:00,35.036898833249836,34.380001068115234,online,AXA,26.60948873108883
2024-11-01 12:00:00,35.02376087794715,34.36000061035156,online,AXA,26.604574579695672
2024-11-01 13:00:00,35.01048567259524,34.27000045776367,online,AXA,26.599663900287425
2024-11-01 13:30:00,167.3504111375917,171.02000427246094,online,Google,26.594845624134308
2024-11-01 13:30:00,173.6705849999819,173.27000427246094,online,Toyota,26.58993767552169
2024-11-01 13:30:00,100.45648757486694,97.91999816894531,online,Alibaba,26.58507598110842
2024-11-01 13:30:00,45.15509256618262,46.44499969482422,online,HSBC,26.580183887741253
2024-11-01 14:00:00,34.995675968298606,34.369998931884766,online,AXA,26.57528567536895
2024-11-01 14:30:00,167.42380300028907,171.24000549316406,online,Google,26.570488471245255
2024-11-01 14:30:00,173.6625733854315,173.50999450683594,online,Toyota,26.56559310276176
2024-11-01 14:30:00,100.40575778674851,97.94259643554688,online,Alibaba,26.560742345198122
2024-11-01 14:30:00,45.18089070875545,46.564998626708984,online,HSBC,26.555865495590623
2024-11-01 15:00:00,34.98316242757033,34.41999816894531,online,AXA,26.55098026107805
2024-11-01 15:30:00,167.50012705014657,171.57000732421875,online,Google,26.546210309684298
2024-11-01 15:30:00,173.6595218078596,173.41000366210938,online,Toyota,26.541328679339383
2024-11-01 15:30:00,100.35649455972448,98.0199966430664,online,Alibaba,26.536487127261772
2024-11-01 15:30:00,45.20857286711452,46.30500030517578,online,HSBC,26.531618767195493
2024-11-01 16:00:00,34.97189914239783,34.31999969482422,online,AXA,26.526747709986154
2024-11-01 16:30:00,167.58152465562802,171.8350067138672,online,Google,26.522001652839172
2024-11-01 16:30:00,173.65453144494458,173.5,online,Toyota,26.517133162447188
2024-11-01 16:30:00,100.30976460139132,98.1050033569336,online,Alibaba,26.51230082878613
2024-11-01 16:30:00,45.23050141587574,46.29499816894531,online,HSBC,26.507445365799217
2024-11-01 17:30:00,167.6665942967928,171.16250610351562,online,Google,26.502669286456353
2024-11-01 17:30:00,173.6514408160457,173.0399932861328,online,Toyota,26.497813899890875
2024-11-01 17:30:00,100.26566937650217,97.55000305175781,online,Alibaba,26.493009599397915
2024-11-01 17:30:00,45.25179135093713,46.15999984741211,online,HSBC,26.48816265872179
2024-11-01 18:30:00,167.73651253292726,171.07000732421875,online,Google,26.48338949936138
2024-11-01 18:30:00,173.63921186544744,173.00999450683594,online,Toyota,26.47854490545387
2024-11-01 18:30:00,100.21135605000728,97.66999816894531,online,Alibaba,26.473744867295157
2024-11-01 18:30:00,45.26995552086663,46.13999938964844,online,HSBC,26.468908077354225
2024-11-01 19:30:00,167.8031824287531,171.27000427246094,online,Google,26.464151738916616
2024-11-01 19:30:00,173.6266275182752,172.8300018310547,online,Toyota,26.45931939500917
2024-11-01 19:30:00,100.16052889238604,97.55999755859375,online,Alibaba,26.454532018465294
2024-11-01 19:30:00,45.28735639824227,46.18000030517578,online,HSBC,26.449706083045477
2024-11-04 08:00:00,34.95886115344636,34.119998931884766,online,AXA,26.444882148942195
2024-11-04 09:00:00,34.942083909015125,34.25,online,AXA,26.44005930592319
2024-11-04 10:00:00,34.92824223083482,34.279998779296875,online,AXA,26.43523869755229
2024-11-04 11:00:00,34.91527736180406,34.16999816894531,online,AXA,26.43042165996429
2024-11-04 12:00:00,34.90037177794688,34.13999938964844,online,AXA,26.42560741425096
2024-11-04 13:00:00,34.88516433018091,34.08000183105469,online,AXA,26.42079628479614
2024-11-04 14:00:00,34.86906108019839,34.130001068115234,online,AXA,26.415987081563454
2024-11-04 14:30:00,167.87251886562726,169.47000122070312,online,Google,26.41119433417779
2024-11-04 14:30:00,173.61069500453078,173.63499450683594,online,Toyota,26.406386621026922
2024-11-04 14:30:00,100.10851826571019,98.95500183105469,online,Alibaba,26.401590698375443
2024-11-04 14:30:00,45.305209276380936,47.04999923706055,online,HSBC,26.39680920254479
2024-11-04 15:00:00,34.85427987995673,34.099998474121094,online,AXA,26.392013265808174
2024-11-04 15:30:00,167.90446851272878,168.97999572753906,online,Google,26.387223993859557
2024-11-04 15:30:00,173.6111809945769,173.13999938964844,online,Toyota,26.38243089677112
2024-11-04 15:30:00,100.08544793701708,99.1500015258789,online,Alibaba,26.37764490824691
2024-11-04 15:30:00,45.34010507559453,46.7599983215332,online,HSBC,26.37286938283984
2024-11-04 16:00:00,34.83919425184001,34.029998779296875,online,AXA,26.368087090634695
2024-11-04 16:30:00,167.925979057025,168.77000427246094,online,Google,26.36330779857924
2024-11-04 16:30:00,173.60175736247834,173.14999389648438,online,Toyota,26.358527610701596
2024-11-04 16:30:00,100.06673900879431,98.5999984741211,online,Alibaba,26.35376341841721
2024-11-04 16:30:00,45.3685029405133,46.744998931884766,online,HSBC,26.349000054445003
2024-11-04 17:30:00,167.9428595613337,169.47799682617188,online,Google,26.34424245819482
2024-11-04 17:30:00,173.59272209315847,172.89500427246094,online,Toyota,26.339474593992126
2024-11-04 17:30:00,100.03740419810084,98.68000030517578,online,Alibaba,26.33471863948305
2024-11-04 17:30:00,45.39603286034073,46.72999954223633,online,HSBC,26.329964835916122
2024-11-04 18:30:00,167.97356230663047,169.58999633789062,online,Google,26.325219341403315
2024-11-04 18:30:00,173.5787677367445,173.1999969482422,online,Toyota,26.320459459088653
2024-11-04 18:30:00,100.01025612024235,98.54000091552734,online,Alibaba,26.315716021660812
2024-11-04 18:30:00,45.42271219397865,46.79499816894531,online,HSBC,26.3109732459904
2024-11-04 19:30:00,168.00589098725567,169.41000366210938,online,Google,26.306233649790475
2024-11-04 19:30:00,173.57119232097446,173.0449981689453,online,Toyota,26.301484989268356
2024-11-04 19:30:00,99.98085101614805,98.61000061035156,online,Alibaba,26.296749899610333
2024-11-04 19:30:00,45.45015791347798,46.755001068115234,online,HSBC,26.29201616361008
2024-11-04 20:30:00,168.03397324075274,169.25,online,Google,26.287283455193954
2024-11-04 20:30:00,173.56066843793388,172.6999969482422,online,Toyota,26.28254824612354
2024-11-04 20:30:00,99.95343400803212,98.41999816894531,online,Alibaba,26.27782664662083
2024-11-04 20:30:00,45.47625477657073,46.63999938964844,online,HSBC,26.273100764213655
2024-11-05 08:00:00,34.82301034238915,34.25,online,AXA,26.268370402576803
2024-11-05 09:00:00,34.81155013554137,34.29999923706055,online,AXA,26.263642139722062
2024-11-05 10:00:00,34.80131911757175,34.2599983215332,online,AXA,26.258916645316937
2024-11-05 11:00:00,34.79049270165098,34.27000045776367,online,AXA,26.254193550585416
2024-11-05 12:00:00,34.780082856773234,34.310001373291016,online,AXA,26.249472662700818
2024-11-05 13:00:00,34.77068122710359,34.34000015258789,online,AXA,26.244754078513612
2024-11-05 14:00:00,34.762067605613275,34.310001373291016,online,AXA,26.240038168251374
2024-11-05 14:30:00,168.0582937759377,169.42010498046875,online,Google,26.235336100787155
2024-11-05 14:30:00,173.54345500814006,173.77999877929688,online,Toyota,26.23062425464647
2024-11-05 14:30:00,99.92276529125039,99.55000305175781,online,Alibaba,26.225915514780628
2024-11-05 14:30:00,45.49952966883228,47.130001068115234,online,HSBC,26.22122655491928
2024-11-05 15:00:00,34.75302628096683,34.470001220703125,online,AXA,26.216522478200268
2024-11-05 15:30:00,168.0855300000283,169.69000244140625,online,Google,26.2118379980821
2024-11-05 15:30:00,173.5481858835632,174.30999755859375,online,Toyota,26.207142400556783
2024-11-05 15:30:00,99.91531004646053,99.88999938964844,online,Alibaba,26.202445363516905
2024-11-05 15:30:00,45.53213909681794,47.20500183105469,online,HSBC,26.197769983388014
2024-11-05 16:00:00,34.74736577976155,34.43000030517578,online,AXA,26.193078674134878
2024-11-05 16:30:00,168.11761944885586,169.8699951171875,online,Google,26.18841018777311
2024-11-05 16:30:00,173.56342211706382,174.57000732421875,online,Toyota,26.183730148839185
2024-11-05 16:30:00,99.91480383332429,99.4000015258789,online,Alibaba,26.179047510348003
2024-11-05 16:30:00,45.56559635150268,47.28499984741211,online,HSBC,26.174385772061704
2024-11-05 17:30:00,168.1526669622225,170.1199951171875,online,Google,26.16973278129718
2024-11-05 17:30:00,173.58355382120692,174.51499938964844,online,Toyota,26.165061781819496
2024-11-05 17:30:00,99.90450778717538,99.43000030517578,online,Alibaba,26.16038890000535
2024-11-05 17:30:00,45.599984421420864,47.30500030517578,online,HSBC,26.15573683214251
2024-11-05 18:30:00,168.19201352532178,169.83999633789062,online,Google,26.151085953968717
2024-11-05 18:30:00,173.60218273257576,174.6649932861328,online,Toyota,26.146426743036955
2024-11-05 18:30:00,99.89501763753539,99.27999877929688,online,Alibaba,26.141764900359917
2024-11-05 18:30:00,45.63408473909596,47.29499816894531,online,HSBC,26.137121792053453
2024-11-05 19:30:00,168.22497318157315,169.86000061035156,online,Google,26.132480588285127
2024-11-05 19:30:00,173.6234389436469,174.72000122070312,online,Toyota,26.12783183783907
2024-11-05 19:30:00,99.88271726037061,99.26499938964844,online,Alibaba,26.123179975975344
2024-11-05 19:30:00,45.66730300769295,47.23500061035156,online,HSBC,26.118544753543468
2024-11-05 20:30:00,168.25767373014872,169.75,online,Google,26.113910437412937
2024-11-05 20:30:00,173.64537018918801,174.77999877929688,online,Toyota,26.10927219423166
2024-11-05 20:30:00,99.87036290295617,99.23999786376953,online,Alibaba,26.104630363416035
2024-11-05 20:30:00,45.698656959746124,47.27000045776367,online,HSBC,26.100005123502328
2024-11-06 08:00:00,34.741018470269836,35.34000015258789,online,AXA,26.095367978753067
2024-11-06 09:00:00,34.7529981039162,34.869998931884766,online,AXA,26.09073095635327
2024-11-06 10:00:00,34.75533812047557,34.900001525878906,online,AXA,26.08609645435733
2024-11-06 11:00:00,34.75823138858364,34.66999816894531,online,AXA,26.08146433179766
2024-11-06 12:00:00,34.75646672419087,34.83000183105469,online,AXA,26.07683465980137
2024-11-06 13:00:00,34.75793742632815,34.619998931884766,online,AXA,26.07220754505595
2024-11-06 14:00:00,34.75517865643928,34.380001068115234,online,AXA,26.06758372093407
2024-11-06 14:30:00,168.28752025554576,176.02999877929688,online,Google,26.063369205246396
2024-11-06 14:30:00,173.66806276099018,173.00010681152344,online,Toyota,26.05875230381632
2024-11-06 14:30:00,99.85775560217245,97.19999694824219,online,Alibaba,26.054182859105154
2024-11-06 14:30:00,45.73008382970647,46.9900016784668,online,HSBC,26.049578616598616
2024-11-06 15:00:00,34.747675104672794,34.369998931884766,online,AXA,26.044967000370054
2024-11-06 15:30:00,168.44236982602078,175.35000610351562,online,Google,26.040681174057465
2024-11-06 15:30:00,173.65470364200084,174.02999877929688,online,Toyota,26.03607438432175
2024-11-06 15:30:00,99.80460042909384,96.22000122070312,online,Alibaba,26.031556384732273
2024-11-06 15:30:00,45.75528218668168,46.91999816894531,online,HSBC,26.026962725511027
2024-11-06 16:00:00,34.74012158121703,34.290000915527344,online,AXA,26.02236366626672
2024-11-06 16:30:00,168.58052255157068,175.5,online,Google,26.0180907996004
2024-11-06 16:30:00,173.66220954474676,172.9600067138672,online,Toyota,26.013498529431402
2024-11-06 16:30:00,99.73290844492603,96.74500274658203,online,Alibaba,26.00896594736698
2024-11-06 16:30:00,45.77857650632696,46.97990036010742,online,HSBC,26.00438497948911
2024-11-06 17:30:00,168.71891210053926,175.47000122070312,online,Google,26.000105920443946
2024-11-06 17:30:00,173.64816548812917,173.98500061035156,online,Toyota,25.99552072915896
2024-11-06 17:30:00,99.67315033095915,96.93000030517578,online,Alibaba,25.99098823728495
2024-11-06 17:30:00,45.802602983402565,47.09000015258789,online,HSBC,25.98641835715743
2024-11-06 18:30:00,168.85393388294253,176.09500122070312,online,Google,25.982195197160603
2024-11-06 18:30:00,173.6549021905736,174.64300537109375,online,Toyota,25.97762547201432
2024-11-06 18:30:00,99.61828733044348,96.66500091552734,online,Alibaba,25.97311066440045
2024-11-06 18:30:00,45.82835092678627,47.05500030517578,online,HSBC,25.968549338343777
2024-11-06 19:30:00,168.99875522969774,176.46499633789062,online,Google,25.964357950902215
2024-11-06 19:30:00,173.67466425418402,174.6300048828125,online,Toyota,25.959797366263256
2024-11-06 19:30:00,99.55922160214516,96.31999969482422,online,Alibaba,25.955304077883405
2024-11-06 19:30:00,45.85288391435406,47.07500076293945,online,HSBC,25.950752227048586
2024-11-06 20:30:00,169.1480800518616,176.5,online,Google,25.946558646302012
2024-11-06 20:30:00,173.6937710667566,175.13999938964844,online,Toyota,25.942015581253802
2024-11-06 20:30:00,99.49443716399874,96.72000122070312,online,Alibaba,25.937512856155553
2024-11-06 20:30:00,45.87732625132577,47.040000915527344,online,HSBC,25.932969566914917
2024-11-07 08:00:00,34.73111916790324,34.58000183105469,online,AXA,25.92841967848716
2024-11-07 09:00:00,34.72809682116627,34.08000183105469,online,AXA,25.923874871161004
2024-11-07 10:00:00,34.71513492136404,34.06999969482422,online,AXA,25.919332428978908
2024-11-07 11:00:00,34.702232216833245,33.91999816894531,online,AXA,25.914793699142578
2024-11-07 12:00:00,34.68658753587549,33.880001068115234,online,AXA,25.910257617310947
2024-11-07 13:00:00,34.67045580652029,33.97999954223633,online,AXA,25.905722744391355
2024-11-07 14:00:00,34.656646681234605,34.2400016784668,online,AXA,25.901188205058034
2024-11-07 14:30:00,169.29511845082436,177.67999267578125,online,Google,25.897129995837066
2024-11-07 14:30:00,173.72269563321444,178.34750366210938,online,Toyota,25.89274347770044
2024-11-07 14:30:00,99.43894844513282,100.19000244140625,online,Alibaba,25.888218605564692
2024-11-07 14:30:00,45.9005797446098,47.54499816894531,online,HSBC,25.883710561797614
2024-11-07 15:00:00,34.64831378117925,34.2599983215332,online,AXA,25.879187642174905
2024-11-07 15:30:00,169.4628159353235,179.3000030517578,online,Google,25.87531944956144
2024-11-07 15:30:00,173.81519179379234,177.82000732421875,online,Toyota,25.870908406471965
2024-11-07 15:30:00,99.4539695250583,99.80999755859375,online,Alibaba,25.86639229846323
2024-11-07 15:30:00,45.93346811309651,47.23500061035156,online,HSBC,25.861889131185695
2024-11-07 16:00:00,34.640547471986324,34.11000061035156,online,AXA,25.857378792808177
2024-11-07 16:30:00,169.6595596776522,179.3300018310547,online,Google,25.853499758427485
2024-11-07 16:30:00,173.89528810440086,177.89410400390625,online,Toyota,25.849099977774397
2024-11-07 16:30:00,99.46109008572901,100.16000366210938,online,Alibaba,25.844597981931074
2024-11-07 16:30:00,45.95949876304161,47.345001220703125,online,HSBC,25.84010798866422
2024-11-07 17:30:00,169.85296852072025,179.6199951171875,online,Google,25.836250443001354
2024-11-07 17:30:00,173.97526442239098,177.47000122070312,online,Toyota,25.83183440832817
2024-11-07 17:30:00,99.47506835725662,100.32499694824219,online,Alibaba,25.82734326438825
2024-11-07 17:30:00,45.98720881219484,47.349998474121094,online,HSBC,25.82286211099957
2024-11-07 18:30:00,170.04830905264959,180.00999450683594,online,Google,25.8190392292881
2024-11-07 18:30:00,174.04515915835722,177.80999755859375,online,Toyota,25.814645589775065
2024-11-07 18:30:00,99.49206692907633,100.75,online,Alibaba,25.810169472263585
2024-11-07 18:30:00,46.01446460543336,47.28499984741211,online,HSBC,25.805695904252357
2024-11-07 19:30:00,170.2475427617333,180.88999938964844,online,Google,25.801976172911708
2024-11-07 19:30:00,174.12045592636196,178.36000061035156,online,Toyota,25.797617233018975
2024-11-07 19:30:00,99.5172255904948,100.71499633789062,online,Alibaba,25.793149299199573
2024-11-07 19:30:00,46.03987531027293,47.404998779296875,online,HSBC,25.788686578115495
2024-11-07 20:30:00,170.4603918942916,180.82000732421875,online,Google,25.784935506050846
2024-11-07 20:30:00,174.20524682004174,178.49000549316406,online,Toyota,25.78058823865686
2024-11-07 20:30:00,99.54118100544272,100.16000366210938,online,Alibaba,25.776122386628707
2024-11-07 20:30:00,46.06717777965341,47.345001220703125,online,HSBC,25.771667258778646
2024-11-08 08:00:00,34.629936534753625,34.15999984741211,online,AXA,25.767204957299338
2024-11-08 09:00:00,34.6205378010068,33.869998931884766,online,AXA,25.762747275401
2024-11-08 10:00:00,34.605527023624354,33.91999816894531,online,AXA,25.758291281555465
2024-11-08 11:00:00,34.59181644653077,33.959999084472656,online,AXA,25.753837125923237
2024-11-08 12:00:00,34.57918009928961,34.02000045776367,online,AXA,25.74938470093099
2024-11-08 13:00:00,34.56799650645909,33.869998931884766,online,AXA,25.744935757835268
2024-11-08 14:00:00,34.5540365549676,33.84000015258789,online,AXA,25.74048927431215
2024-11-08 14:30:00,170.66758420289014,178.7949981689453,online,Google,25.736485109334875
2024-11-08 14:30:00,174.2909419935042,172.8271026611328,online,Toyota,25.732054119110302
2024-11-08 14:30:00,99.55355745857605,94.7300033569336,online,Alibaba,25.72776718331547
2024-11-08 14:30:00,46.09273424847441,45.04999923706055,online,HSBC,25.723333679881556
2024-11-08 15:00:00,34.53975582692001,33.900001525878906,online,AXA,25.718897924306226
2024-11-08 15:30:00,170.83013248221124,178.7344970703125,online,Google,25.71488077795346
2024-11-08 15:30:00,174.26166520685678,172.77000427246094,online,Toyota,25.71046171670312
2024-11-08 15:30:00,99.4570863765432,94.3499984741211,online,Alibaba,25.706204901473527
2024-11-08 15:30:00,46.07187954824613,44.939998626708984,online,HSBC,25.701784058452606
2024-11-08 16:00:00,34.526960740899185,33.849998474121094,online,AXA,25.697359986085615
2024-11-08 16:30:00,170.98821977397327,178.8800048828125,online,Google,25.69335248452922
2024-11-08 16:30:00,174.23183198816886,172.6699981689453,online,Toyota,25.688946183709884
2024-11-08 16:30:00,99.35494461849476,94.08999633789062,online,Alibaba,25.684711509956593
2024-11-08 16:30:00,46.04924192981539,44.790000915527344,online,HSBC,25.680304015373984
2024-11-08 17:30:00,171.14605547615005,178.42999267578125,online,Google,25.67624346481931
2024-11-08 17:30:00,174.20059531178438,172.25,online,Toyota,25.67185531759823
2024-11-08 17:30:00,99.24964565288268,93.87000274658203,online,Alibaba,25.667637698116458
2024-11-08 17:30:00,46.02405710952963,44.755001068115234,online,HSBC,25.663239366414203
2024-11-08 18:30:00,171.29173422014267,179.0399932861328,online,Google,25.659234266661603
2024-11-08 18:30:00,174.1615834055487,172.38499450683594,online,Toyota,25.654850743042807
2024-11-08 18:30:00,99.14205279475667,93.88999938964844,online,Alibaba,25.65063288569156
2024-11-08 18:30:00,45.99867598870134,44.8650016784668,online,HSBC,25.646241338547323
2024-11-08 19:30:00,171.44669940146247,178.5449981689453,online,Google,25.64218038723049
2024-11-08 19:30:00,174.12605162757444,172.01499938964844,online,Toyota,25.63781450594433
2024-11-08 19:30:00,99.0370117266545,94.06310272216797,online,Alibaba,25.633586459813472
2024-11-08 19:30:00,45.976002502496655,44.79999923706055,online,HSBC,25.62920451034559
2024-11-08 20:30:00,171.58866537681212,178.39999389648438,online,Google,25.62512559050464
2024-11-08 20:30:00,174.08383058281592,172.02000427246094,online,Toyota,25.62076731047651
2024-11-08 20:30:00,98.93753354656477,94.18000030517578,online,Alibaba,25.616534014379784
2024-11-08 20:30:00,45.95248243718793,44.959999084472656,online,HSBC,25.61215832739272
2024-11-11 08:00:00,34.51342149556362,34.209999084472656,online,AXA,25.60777892361005
2024-11-11 09:00:00,34.5073530473418,34.16999816894531,online,AXA,25.603401911139922
2024-11-11 10:00:00,34.50060594977387,34.18000030517578,online,AXA,25.599027069281753
2024-11-11 11:00:00,34.494193836881905,34.18000030517578,online,AXA,25.594654442541376
2024-11-11 12:00:00,34.487909966247784,34.20000076293945,online,AXA,25.590283950573323
2024-11-11 13:00:00,34.48215178218162,34.2599983215332,online,AXA,25.585915473335305
2024-11-11 14:00:00,34.47770871296865,34.20000076293945,online,AXA,25.581549418010205
2024-11-11 14:30:00,171.72489194720555,179.9499969482422,online,Google,25.577636294874303
2024-11-11 14:30:00,174.04255405660882,173.5800018310547,online,Toyota,25.573275542617097
2024-11-11 14:30:00,98.84238288173698,95.7699966430664,online,Alibaba,25.568978530141568
2024-11-11 14:30:00,45.93263277013363,45.2400016784668,online,HSBC,25.564623998463194
2024-11-11 15:00:00,34.47215455396807,34.18000030517578,online,AXA,25.56026906445841
2024-11-11 15:30:00,171.8893940472263,179.3300018310547,online,Google,25.556284710282032
2024-11-11 15:30:00,174.03330301209775,173.9864044189453,online,Toyota,25.55193360807311
2024-11-11 15:30:00,98.78093515696357,95.36000061035156,online,Alibaba,25.54766267024485
2024-11-11 15:30:00,45.91878014830029,45.22999954223633,online,HSBC,25.5433191413074
2024-11-11 16:00:00,34.466311468992224,34.150001525878906,online,AXA,25.538975336215138
2024-11-11 16:30:00,172.03820620290287,179.8699951171875,online,Google,25.535041460155128
2024-11-11 16:30:00,174.0323650402347,174.47999572753906,online,Toyota,25.53070268323882
2024-11-11 16:30:00,98.71251646603133,95.3499984741211,online,Alibaba,25.526440036755467
2024-11-11 16:30:00,45.905004536179014,45.38079833984375,online,HSBC,25.522106164261807
2024-11-11 17:30:00,172.19484198118857,179.61000061035156,online,Google,25.518138501716106
2024-11-11 17:30:00,174.0413176539808,173.85000610351562,online,Toyota,25.51380739685561
2024-11-11 17:30:00,98.64526610619313,95.38999938964844,online,Alibaba,25.509548732474865
2024-11-11 17:30:00,45.894520412252305,45.28689956665039,online,HSBC,25.505224235052104
2024-11-11 18:30:00,172.34314515377184,180.49000549316406,online,Google,25.50134076544662
2024-11-11 18:30:00,174.0374914229715,174.13999938964844,online,Toyota,25.497018207795715
2024-11-11 18:30:00,98.58016077186224,95.3550033569336,online,Alibaba,25.49276691080285
2024-11-11 18:30:00,45.88236799534027,45.29499816894531,online,HSBC,25.48845095711989
2024-11-11 19:30:00,172.50608236055967,180.14500427246094,online,Google,25.48452260561099
2024-11-11 19:30:00,174.03954158230505,174.3000030517578,online,Toyota,25.480209129428506
2024-11-11 19:30:00,98.51565762356367,95.53500366210938,online,Alibaba,25.47595639979795
2024-11-11 19:30:00,45.870620598812366,45.334999084472656,online,HSBC,25.471648746172388
2024-11-11 20:30:00,172.6588607987977,180.3699951171875,online,Google,25.46773616529923
2024-11-11 20:30:00,174.04475081169412,174.07000732421875,online,Toyota,25.463430914466993
2024-11-11 20:30:00,98.45604454433459,95.44000244140625,online,Alibaba,25.459188216851864
2024-11-11 20:30:00,45.85990816852557,45.31999969482422,online,HSBC,25.454889249424095
2024-11-12 08:00:00,34.459985270129955,33.849998474121094,online,AXA,25.45059299495934
2024-11-12 09:00:00,34.44778553420978,33.709999084472656,online,AXA,25.446300059413876
2024-11-12 10:00:00,34.433029805215035,33.630001068115234,online,AXA,25.442009964687745
2024-11-12 11:00:00,34.416969230473036,33.59000015258789,online,AXA,25.437722300746337
2024-11-12 12:00:00,34.40042984891533,33.540000915527344,online,AXA,25.433437181243946
2024-11-12 13:00:00,34.38322127024757,33.56999969482422,online,AXA,25.429153706100372
2024-11-12 14:00:00,34.3669568387391,33.41999816894531,online,AXA,25.42487395771668
2024-11-12 14:30:00,172.8130834851655,179.80999755859375,online,Google,25.420914868083134
2024-11-12 14:30:00,174.04525594194462,174.85000610351562,online,Toyota,25.416637741864935
2024-11-12 14:30:00,98.39572370227602,91.98500061035156,online,Alibaba,25.412630744160637
2024-11-12 14:30:00,45.84910999905154,44.59000015258789,online,HSBC,25.408364104245756
2024-11-12 15:00:00,34.34801766534322,33.290000915527344,online,AXA,25.40409653391739
2024-11-12 15:30:00,172.95302176663407,179.73500061035156,online,Google,25.400128253508516
2024-11-12 15:30:00,174.06135094517603,174.1699981689453,online,Toyota,25.39585760808384
2024-11-12 15:30:00,98.26750924043753,91.80999755859375,online,Alibaba,25.39186504568531
2024-11-12 15:30:00,45.82392780212227,44.470001220703125,online,HSBC,25.387610712141505
2024-11-12 16:00:00,34.326857330346904,33.16999816894531,online,AXA,25.383355250501715
2024-11-12 16:30:00,173.08866134350842,180.59010314941406,online,Google,25.379465348004054
2024-11-12 16:30:00,174.0635238896514,173.98841857910156,online,Toyota,25.375205298780486
2024-11-12 16:30:00,98.13835900680066,91.28500366210938,online,Alibaba,25.371257970667486
2024-11-12 16:30:00,45.79684927049389,44.415000915527344,online,HSBC,25.36701474508142
2024-11-12 17:30:00,173.23869017962653,181.13980102539062,online,Google,25.363173736445773
2024-11-12 17:30:00,174.0620217834404,174.47000122070312,online,Toyota,25.358923194025245
2024-11-12 17:30:00,98.00129189990683,91.69999694824219,online,Alibaba,25.354936092690018
2024-11-12 17:30:00,45.76921230339455,44.49810028076172,online,HSBC,25.350699354833164
2024-11-12 18:30:00,173.3967123965418,181.75030517578125,online,Google,25.34691507816263
2024-11-12 18:30:00,174.07018137218566,175.35989379882812,online,Toyota,25.34268283808832
2024-11-12 18:30:00,97.87526600087354,91.74009704589844,online,Alibaba,25.338690316475518
2024-11-12 18:30:00,45.7437900629419,44.54499816894531,online,HSBC,25.334460794093005
2024-11-12 19:30:00,173.5637842521266,182.125,online,Google,25.33070777548109
2024-11-12 19:30:00,174.09597562071852,174.8350067138672,online,Toyota,25.32647653838427
2024-11-12 19:30:00,97.75256262177403,91.91000366210938,online,Alibaba,25.322469092659784
2024-11-12 19:30:00,45.71981422506197,44.57500076293945,online,HSBC,25.318247104750384
2024-11-12 20:30:00,173.73500856708407,181.61000061035156,online,Google,25.3144277104179
2024-11-12 20:30:00,174.1107562425815,174.92999267578125,online,Toyota,25.310205669647818
2024-11-12 20:30:00,97.63571144258074,91.77999877929688,online,Alibaba,25.306207449801605
2024-11-12 20:30:00,45.696917955819515,44.61000061035156,online,HSBC,25.30199296411515
2024-11-13 08:00:00,34.303720147118874,33.29999923706055,online,AXA,25.29777944187707
2024-11-13 09:00:00,34.283645728917705,33.33000183105469,online,AXA,25.293567382293077
2024-11-13 10:00:00,34.26457285096044,33.40999984741211,online,AXA,25.28935624929914
2024-11-13 11:00:00,34.247481390889476,33.2400016784668,online,AXA,25.285149098250976
2024-11-13 12:00:00,34.227331796641025,33.189998626708984,online,AXA,25.280944452838504
2024-11-13 13:00:00,34.206585133242385,33.25,online,AXA,25.276740848447552
2024-11-13 14:00:00,34.187453430577534,33.029998779296875,online,AXA,25.27254214095273
2024-11-13 14:30:00,173.8925084079494,179.36500549316406,online,Google,25.268533914318628
2024-11-13 14:30:00,174.1271409712455,171.7382049560547,online,Toyota,25.264368121947193
2024-11-13 14:30:00,97.51859718931506,91.73999786376953,online,Alibaba,25.26038665483893
2024-11-13 14:30:00,45.675179608910156,44.654998779296875,online,HSBC,25.256194288155093
2024-11-13 15:00:00,34.16430433755192,33.130001068115234,online,AXA,25.25200420362074
2024-11-13 15:30:00,174.0019583496537,179.6649932861328,online,Google,25.248020167178815
2024-11-13 15:30:00,174.07936225094167,172.61000061035156,online,Toyota,25.2438413910148
2024-11-13 15:30:00,97.40302520280414,91.37999725341797,online,Alibaba,25.23988909235409
2024-11-13 15:30:00,45.65477599231789,44.88999938964844,online,HSBC,25.235704092873185
2024-11-13 16:00:00,34.14361827216319,33.20000076293945,online,AXA,25.231523185789783
2024-11-13 16:30:00,174.1152190483833,179.84500122070312,online,Google,25.227554323553427
2024-11-13 16:30:00,174.04997501812986,172.3300018310547,online,Toyota,25.223391133654744
2024-11-13 16:30:00,97.28256464381641,91.5250015258789,online,Alibaba,25.21942841710798
2024-11-13 16:30:00,45.6394804602645,44.959999084472656,online,HSBC,25.215252935381404
2024-11-13 17:30:00,174.2298146918297,179.3800048828125,online,Google,25.211250741027555
2024-11-13 17:30:00,174.01557555438836,172.61000061035156,online,Toyota,25.207089323529175
2024-11-13 17:30:00,97.16741338145766,91.51499938964844,online,Alibaba,25.203126814573995
2024-11-13 17:30:00,45.62589083274867,44.917301177978516,online,HSBC,25.19895982471111
2024-11-13 18:30:00,174.33281849564935,179.639892578125,online,Google,25.19497650399858
2024-11-13 18:30:00,173.98746405550762,172.48069763183594,online,Toyota,25.190825225250364
2024-11-13 18:30:00,97.05436510162149,91.57990264892578,online,Alibaba,25.186857786093867
2024-11-13 18:30:00,45.611719039653266,45.095001220703125,online,HSBC,25.18269745288346
2024-11-13 19:30:00,174.43895997729885,179.24000549316406,online,Google,25.17868864603757
2024-11-13 19:30:00,173.9573287270342,172.5800018310547,online,Toyota,25.174543102324623
2024-11-13 19:30:00,96.94487585256758,91.88500213623047,online,Alibaba,25.170555075881268
2024-11-13 19:30:00,45.60138468327426,45.064998626708984,online,HSBC,25.16640306269786
2024-11-13 20:30:00,174.53498088761614,178.9499969482422,online,Google,25.16237900890746
2024-11-13 20:30:00,173.9297821891146,172.35000610351562,online,Toyota,25.158245556685984
2024-11-13 20:30:00,96.84367837824084,91.98999786376953,online,Alibaba,25.154252189269563
2024-11-13 20:30:00,45.59065696214296,45.0,online,HSBC,25.150108739452115
2024-11-14 08:00:00,34.124745921978715,33.2599983215332,online,AXA,25.145969951503528
2024-11-14 09:00:00,34.107450969969804,33.439998626708984,online,AXA,25.141831229210815
2024-11-14 10:00:00,34.09410192310459,33.47999954223633,online,AXA,25.13769410392996
2024-11-14 11:00:00,34.08181987548722,33.5099983215332,online,AXA,25.133558693568514
2024-11-14 12:00:00,34.07038344440814,33.439998626708984,online,AXA,25.129425785854785
2024-11-14 13:00:00,34.057775748054155,33.599998474121094,online,AXA,25.12529368847158
2024-11-14 14:00:00,34.04862020257549,33.65999984741211,online,AXA,25.121163246564475
2024-11-14 14:30:00,174.62328120882867,176.47999572753906,online,Google,25.117056413041738
2024-11-14 14:30:00,173.89818666740263,173.46229553222656,online,Toyota,25.112930295000925
2024-11-14 14:30:00,96.74660476795141,90.84500122070312,online,Alibaba,25.109032811514368
2024-11-14 14:30:00,45.5788438229001,45.20500183105469,online,HSBC,25.104910393173682
2024-11-14 15:00:00,34.040847795472224,33.619998931884766,online,AXA,25.100790249524643
2024-11-14 15:30:00,174.66041549920288,174.97500610351562,online,Google,25.09667162356241
2024-11-14 15:30:00,173.8894688446991,174.07000732421875,online,Toyota,25.092554590842823
2024-11-14 15:30:00,96.62857269700645,90.7699966430664,online,Alibaba,25.088663718159065
2024-11-14 15:30:00,45.571366983063186,45.189998626708984,online,HSBC,25.084551435791926
2024-11-14 16:00:00,34.032430818200474,33.63999938964844,online,AXA,25.08044123145403
2024-11-14 16:30:00,174.66670731128914,174.69760131835938,online,Google,25.076332047651043
2024-11-14 16:30:00,173.8930796142895,173.74989318847656,online,Toyota,25.072225010626866
2024-11-14 16:30:00,96.51140117592765,90.48999786376953,online,Alibaba,25.068356652132866
2024-11-14 16:30:00,45.5637396159361,45.064998626708984,online,HSBC,25.06425509988864
2024-11-14 17:30:00,174.66732519143054,175.38999938964844,online,Google,25.060157346996746
2024-11-14 17:30:00,173.89021588577324,174.16000366210938,online,Toyota,25.056058671467476
2024-11-14 17:30:00,96.39097310968448,90.66000366210938,online,Alibaba,25.05217589227813
2024-11-14 17:30:00,45.553764796151555,45.025001525878906,online,HSBC,25.04808255107407
2024-11-14 18:30:00,174.6817786753949,175.30999755859375,online,Google,25.043991967631552
2024-11-14 18:30:00,173.89561164129998,173.8800048828125,online,Toyota,25.039900816376434
2024-11-14 18:30:00,96.27635372073298,90.91999816894531,online,Alibaba,25.035998796515724
2024-11-14 18:30:00,45.543189530746105,45.060001373291016,online,HSBC,25.031913142642804
2024-11-14 19:30:00,174.69434305305887,175.9149932861328,online,Google,25.02783768202
2024-11-14 19:30:00,173.89529950613024,173.72500610351562,online,Toyota,25.023754693350366
2024-11-14 19:30:00,96.16922660969723,90.69999694824219,online,Alibaba,25.019868482975685
2024-11-14 19:30:00,45.533525767597006,45.05500030517578,online,HSBC,25.01579075969988
2024-11-14 20:30:00,174.71875605772036,175.60000610351562,online,Google,25.011718598679366
2024-11-14 20:30:00,173.89189363807796,173.5800018310547,online,Toyota,25.00764400328859
2024-11-14 20:30:00,96.05984201646814,90.54000091552734,online,Alibaba,25.00376922904715
2024-11-14 20:30:00,45.52395525834858,44.939998626708984,online,HSBC,24.999700169350483
2024-11-15 08:00:00,34.024582189629434,33.66999816894531,online,AXA,24.995631695244157
2024-11-15 09:00:00,34.017490509215754,33.7599983215332,online,AXA,24.991564820442704
2024-11-15 10:00:00,34.012340665462105,33.81999969482422,online,AXA,24.987499739586433
2024-11-15 11:00:00,34.00849384604935,33.72999954223633,online,AXA,24.98343690590283
