DateTime,Open,High,Low,Close,Volume,market_cap,pe_ratio,dividend_yield
2024-09-03 13:30:00+00:00,81.77999877929688,83.0199966430664,81.69999694824219,82.91500091552734,3609647,207205302272,17.713692,0.0221
2024-09-03 14:30:00+00:00,82.91999816894531,82.91999816894531,82.26000213623047,82.47000122070312,1147125,207205302272,17.713692,0.0221
2024-09-03 15:30:00+00:00,82.46499633789062,82.62000274658203,82.30999755859375,82.62000274658203,719036,207205302272,17.713692,0.0221
2024-09-03 16:30:00+00:00,82.62000274658203,82.66000366210938,82.33000183105469,82.41000366210938,578340,207205302272,17.713692,0.0221
2024-09-03 17:30:00+00:00,82.40499877929688,82.41999816894531,82.02999877929688,82.12000274658203,741867,207205302272,17.713692,0.0221
2024-09-03 18:30:00+00:00,82.125,82.17990112304688,81.95999908447266,82.01000213623047,770414,207205302272,17.713692,0.0221
2024-09-03 19:30:00+00:00,82.0199966430664,82.29000091552734,81.96499633789062,82.25,1396475,207205302272,17.713692,0.0221
2024-09-04 13:30:00+00:00,82.87000274658203,83.4000015258789,82.48500061035156,82.65499877929688,3657321,207205302272,17.713692,0.0221
2024-09-04 14:30:00+00:00,82.6500015258789,82.77999877929688,82.33000183105469,82.38999938964844,1631632,207205302272,17.713692,0.0221
2024-09-04 15:30:00+00:00,82.39029693603516,82.72000122070312,82.30000305175781,82.63999938964844,1139161,207205302272,17.713692,0.0221
2024-09-04 16:30:00+00:00,82.6449966430664,82.7699966430664,82.58999633789062,82.69499969482422,1099994,207205302272,17.713692,0.0221
2024-09-04 17:30:00+00:00,82.69000244140625,82.75,82.58999633789062,82.69000244140625,630881,207205302272,17.713692,0.0221
2024-09-04 18:30:00+00:00,82.68000030517578,82.68499755859375,82.41000366210938,82.44999694824219,1211672,207205302272,17.713692,0.0221
2024-09-04 19:30:00+00:00,82.44499969482422,82.54000091552734,82.30500030517578,82.44000244140625,1226387,207205302272,17.713692,0.0221
2024-09-05 13:30:00+00:00,82.1050033569336,83.01000213623047,82.0,82.30000305175781,2854696,207205302272,17.713692,0.0221
2024-09-05 14:30:00+00:00,82.30999755859375,82.44999694824219,82.0,82.08000183105469,1205534,207205302272,17.713692,0.0221
2024-09-05 15:30:00+00:00,82.08000183105469,82.30999755859375,82.0199966430664,82.28500366210938,844819,207205302272,17.713692,0.0221
2024-09-05 16:30:00+00:00,82.27999877929688,82.29499816894531,82.04000091552734,82.04000091552734,568939,207205302272,17.713692,0.0221
2024-09-05 17:30:00+00:00,82.04000091552734,82.41999816894531,82.0199966430664,82.3550033569336,736321,207205302272,17.713692,0.0221
2024-09-05 18:30:00+00:00,82.3499984741211,82.5,82.25499725341797,82.36499786376953,729795,207205302272,17.713692,0.0221
2024-09-05 19:30:00+00:00,82.37000274658203,82.44999694824219,82.27999877929688,82.41000366210938,1208101,207205302272,17.713692,0.0221
2024-09-06 13:30:00+00:00,82.18000030517578,82.62000274658203,81.2300033569336,81.23999786376953,2085199,207205302272,17.713692,0.0221
2024-09-06 14:30:00+00:00,81.23999786376953,81.93499755859375,81.22000122070312,81.68000030517578,1227854,207205302272,17.713692,0.0221
2024-09-06 15:30:00+00:00,81.68000030517578,81.83999633789062,81.41000366210938,81.41000366210938,734492,207205302272,17.713692,0.0221
2024-09-06 16:30:00+00:00,81.41000366210938,81.7300033569336,81.23999786376953,81.5999984741211,712943,207205302272,17.713692,0.0221
2024-09-06 17:30:00+00:00,81.61000061035156,81.7300033569336,81.44000244140625,81.54499816894531,645922,207205302272,17.713692,0.0221
2024-09-06 18:30:00+00:00,81.54000091552734,81.56500244140625,81.32499694824219,81.5250015258789,890785,207205302272,17.713692,0.0221
2024-09-06 19:30:00+00:00,81.5250015258789,81.55000305175781,81.16999816894531,81.19000244140625,1225708,207205302272,17.713692,0.0221
2024-09-09 13:30:00+00:00,80.93000030517578,81.13500213623047,80.33999633789062,80.49500274658203,3048796,207205302272,17.713692,0.0221
2024-09-09 14:30:00+00:00,80.48999786376953,81.0,80.31990051269531,80.91999816894531,1021528,207205302272,17.713692,0.0221
2024-09-09 15:30:00+00:00,80.91000366210938,81.18499755859375,80.8499984741211,80.95500183105469,944344,207205302272,17.713692,0.0221
2024-09-09 16:30:00+00:00,80.94999694824219,81.55000305175781,80.86000061035156,81.51499938964844,1289676,207205302272,17.713692,0.0221
2024-09-09 17:30:00+00:00,81.51000213623047,81.625,81.37000274658203,81.44000244140625,983388,207205302272,17.713692,0.0221
2024-09-09 18:30:00+00:00,81.43000030517578,81.5,81.1500015258789,81.4800033569336,948419,207205302272,17.713692,0.0221
2024-09-09 19:30:00+00:00,81.48500061035156,81.48999786376953,81.31500244140625,81.44999694824219,1048594,207205302272,17.713692,0.0221
2024-09-10 13:30:00+00:00,83.62000274658203,84.30000305175781,82.81999969482422,83.56999969482422,5461910,207205302272,17.713692,0.0221
2024-09-10 14:30:00+00:00,83.56500244140625,83.56500244140625,82.95500183105469,83.22000122070312,2053845,207205302272,17.713692,0.0221
2024-09-10 15:30:00+00:00,83.2300033569336,83.33999633789062,82.71499633789062,83.05000305175781,1774357,207205302272,17.713692,0.0221
2024-09-10 16:30:00+00:00,83.05000305175781,83.19999694824219,82.83000183105469,83.07499694824219,840124,207205302272,17.713692,0.0221
2024-09-10 17:30:00+00:00,83.07499694824219,83.38999938964844,83.05000305175781,83.38719940185547,1100972,207205302272,17.713692,0.0221
2024-09-10 18:30:00+00:00,83.38500213623047,83.79499816894531,83.2300033569336,83.75,1421206,207205302272,17.713692,0.0221
2024-09-10 19:30:00+00:00,83.75,83.86000061035156,83.6500015258789,83.81999969482422,1871283,207205302272,17.713692,0.0221
2024-09-11 13:30:00+00:00,83.57499694824219,84.68000030517578,83.53900146484375,83.75,3289828,207205302272,17.713692,0.0221
2024-09-11 14:30:00+00:00,83.73999786376953,84.30999755859375,83.5,84.2249984741211,1522906,207205302272,17.713692,0.0221
2024-09-11 15:30:00+00:00,84.2249984741211,84.4749984741211,84.20999908447266,84.33499908447266,1193089,207205302272,17.713692,0.0221
2024-09-11 16:30:00+00:00,84.33000183105469,84.54000091552734,84.13999938964844,84.53009796142578,1287041,207205302272,17.713692,0.0221
2024-09-11 17:30:00+00:00,84.54000091552734,84.69499969482422,84.37000274658203,84.54499816894531,1040977,207205302272,17.713692,0.0221
2024-09-11 18:30:00+00:00,84.54499816894531,84.76499938964844,84.44000244140625,84.69499969482422,1255013,207205302272,17.713692,0.0221
2024-09-11 19:30:00+00:00,84.69499969482422,84.83999633789062,84.61100006103516,84.81999969482422,1449349,207205302272,17.713692,0.0221
2024-09-12 13:30:00+00:00,85.0199966430664,85.58999633789062,84.9800033569336,85.1050033569336,2701739,207205302272,17.713692,0.0221
2024-09-12 14:30:00+00:00,85.11000061035156,85.4000015258789,84.99500274658203,85.08000183105469,2015314,207205302272,17.713692,0.0221
2024-09-12 15:30:00+00:00,85.07499694824219,85.37000274658203,85.05000305175781,85.23999786376953,997309,207205302272,17.713692,0.0221
2024-09-12 16:30:00+00:00,85.23500061035156,85.44499969482422,85.16500091552734,85.41000366210938,983641,207205302272,17.713692,0.0221
2024-09-12 17:30:00+00:00,85.41000366210938,85.68009948730469,85.37000274658203,85.54000091552734,867894,207205302272,17.713692,0.0221
2024-09-12 18:30:00+00:00,85.52999877929688,85.6500015258789,85.32499694824219,85.625,1205179,207205302272,17.713692,0.0221
2024-09-12 19:30:00+00:00,85.62000274658203,85.63999938964844,85.45500183105469,85.5,1351515,207205302272,17.713692,0.0221
2024-09-13 13:30:00+00:00,84.38999938964844,84.5999984741211,83.81999969482422,84.30000305175781,3338004,207205302272,17.713692,0.0221
2024-09-13 14:30:00+00:00,84.29000091552734,84.87000274658203,84.22000122070312,84.7249984741211,1212427,207205302272,17.713692,0.0221
2024-09-13 15:30:00+00:00,84.72010040283203,84.80000305175781,84.30000305175781,84.38009643554688,865634,207205302272,17.713692,0.0221
2024-09-13 16:30:00+00:00,84.38999938964844,84.55000305175781,84.32499694824219,84.54000091552734,645440,207205302272,17.713692,0.0221
2024-09-13 17:30:00+00:00,84.55000305175781,84.72000122070312,84.44999694824219,84.66999816894531,661177,207205302272,17.713692,0.0221
2024-09-13 18:30:00+00:00,84.66500091552734,84.79000091552734,84.58999633789062,84.75499725341797,635587,207205302272,17.713692,0.0221
2024-09-13 19:30:00+00:00,84.75499725341797,84.88999938964844,84.69000244140625,84.69499969482422,1089243,207205302272,17.713692,0.0221
2024-09-16 13:30:00+00:00,84.0999984741211,84.37999725341797,83.37999725341797,83.45999908447266,4599833,207205302272,17.713692,0.0221
2024-09-16 14:30:00+00:00,83.46499633789062,83.94999694824219,83.39009857177734,83.94000244140625,1025945,207205302272,17.713692,0.0221
2024-09-16 15:30:00+00:00,83.94000244140625,84.05999755859375,83.58000183105469,83.6500015258789,1271954,207205302272,17.713692,0.0221
2024-09-16 16:30:00+00:00,83.6500015258789,83.65499877929688,83.26499938964844,83.2699966430664,777955,207205302272,17.713692,0.0221
2024-09-16 17:30:00+00:00,83.2665023803711,83.66000366210938,83.26000213623047,83.45500183105469,915647,207205302272,17.713692,0.0221
2024-09-16 18:30:00+00:00,83.44999694824219,83.48999786376953,83.33499908447266,83.42500305175781,616817,207205302272,17.713692,0.0221
2024-09-16 19:30:00+00:00,83.41999816894531,83.62999725341797,83.36000061035156,83.62999725341797,1221628,207205302272,17.713692,0.0221
2024-09-17 13:30:00+00:00,84.81999969482422,85.7699966430664,84.75,85.11499786376953,3857909,207205302272,17.713692,0.0221
2024-09-17 14:30:00+00:00,85.11499786376953,85.45999908447266,84.91500091552734,85.21499633789062,1338185,207205302272,17.713692,0.0221
2024-09-17 15:30:00+00:00,85.21499633789062,85.5,85.0199966430664,85.23999786376953,1038198,207205302272,17.713692,0.0221
2024-09-17 16:30:00+00:00,85.2300033569336,85.2300033569336,84.80500030517578,85.0,594352,207205302272,17.713692,0.0221
2024-09-17 17:30:00+00:00,84.99500274658203,85.06500244140625,84.73999786376953,84.82499694824219,672856,207205302272,17.713692,0.0221
2024-09-17 18:30:00+00:00,84.81999969482422,84.94999694824219,84.77999877929688,84.86000061035156,607090,207205302272,17.713692,0.0221
2024-09-17 19:30:00+00:00,84.87000274658203,84.88999938964844,84.62999725341797,84.70999908447266,929703,207205302272,17.713692,0.0221
2024-09-18 13:30:00+00:00,84.8499984741211,84.95899963378906,84.37999725341797,84.38999938964844,1534811,207205302272,17.713692,0.0221
2024-09-18 14:30:00+00:00,84.41000366210938,84.56999969482422,84.27999877929688,84.30500030517578,859973,207205302272,17.713692,0.0221
2024-09-18 15:30:00+00:00,84.30999755859375,84.38999938964844,84.09500122070312,84.32499694824219,597458,207205302272,17.713692,0.0221
2024-09-18 16:30:00+00:00,84.31999969482422,84.31999969482422,84.04000091552734,84.16000366210938,446000,207205302272,17.713692,0.0221
2024-09-18 17:30:00+00:00,84.15499877929688,84.87999725341797,84.15499877929688,84.875,1302492,207205302272,17.713692,0.0221
2024-09-18 18:30:00+00:00,84.877197265625,85.0,84.26409912109375,84.66999816894531,1273342,207205302272,17.713692,0.0221
2024-09-18 19:30:00+00:00,84.68000030517578,84.79000091552734,84.37000274658203,84.44999694824219,1475011,207205302272,17.713692,0.0221
2024-09-19 13:30:00+00:00,87.625,87.76000213623047,86.94999694824219,87.68270111083984,6141752,207205302272,17.713692,0.0221
2024-09-19 14:30:00+00:00,87.69010162353516,87.87999725341797,87.23999786376953,87.57499694824219,2138364,207205302272,17.713692,0.0221
2024-09-19 15:30:00+00:00,87.56999969482422,87.9749984741211,87.41000366210938,87.8949966430664,2071151,207205302272,17.713692,0.0221
2024-09-19 16:30:00+00:00,87.8949966430664,88.2699966430664,87.76000213623047,88.14749908447266,1790636,207205302272,17.713692,0.0221
2024-09-19 17:30:00+00:00,88.1500015258789,88.36499786376953,88.06999969482422,88.18499755859375,1593580,207205302272,17.713692,0.0221
2024-09-19 18:30:00+00:00,88.19000244140625,88.4000015258789,88.17009735107422,88.31050109863281,1407189,207205302272,17.713692,0.0221
2024-09-19 19:30:00+00:00,88.30999755859375,88.56500244140625,88.27999877929688,88.47000122070312,2512692,207205302272,17.713692,0.0221
2024-09-20 13:30:00+00:00,89.16999816894531,89.51000213623047,88.29499816894531,88.62999725341797,3865262,207205302272,17.713692,0.0221
2024-09-20 14:30:00+00:00,88.625,88.80000305175781,88.06500244140625,88.23999786376953,1927478,207205302272,17.713692,0.0221
2024-09-20 15:30:00+00:00,88.2300033569336,88.55000305175781,88.19000244140625,88.4800033569336,1105537,207205302272,17.713692,0.0221
2024-09-20 16:30:00+00:00,88.47000122070312,88.5,88.2699966430664,88.36000061035156,906550,207205302272,17.713692,0.0221
2024-09-20 17:30:00+00:00,88.36000061035156,88.36499786376953,88.05000305175781,88.32849884033203,1198876,207205302272,17.713692,0.0221
2024-09-20 18:30:00+00:00,88.32499694824219,88.48999786376953,88.30500030517578,88.36000061035156,1045040,207205302272,17.713692,0.0221
2024-09-20 19:30:00+00:00,88.36499786376953,88.5,88.29000091552734,88.30000305175781,1530306,207205302272,17.713692,0.0221
2024-09-23 13:30:00+00:00,89.47000122070312,90.6500015258789,89.31999969482422,90.50659942626953,8290492,207205302272,17.713692,0.0221
2024-09-23 14:30:00+00:00,90.51000213623047,91.1500015258789,90.16000366210938,90.2750015258789,3534294,207205302272,17.713692,0.0221
2024-09-23 15:30:00+00:00,90.2699966430664,90.4749984741211,89.74500274658203,90.0199966430664,1813947,207205302272,17.713692,0.0221
2024-09-23 16:30:00+00:00,90.01000213623047,90.06999969482422,89.86000061035156,89.98500061035156,786436,207205302272,17.713692,0.0221
2024-09-23 17:30:00+00:00,89.98500061035156,90.12999725341797,89.94999694824219,90.11499786376953,689780,207205302272,17.713692,0.0221
2024-09-23 18:30:00+00:00,90.11000061035156,90.2699966430664,90.04000091552734,90.0999984741211,999903,207205302272,17.713692,0.0221
2024-09-23 19:30:00+00:00,90.09500122070312,90.13500213623047,89.94499969482422,90.08499908447266,1418700,207205302272,17.713692,0.0221
2024-09-24 13:30:00+00:00,96.06999969482422,96.58000183105469,94.4000015258789,94.81199645996094,20038030,207205302272,17.713692,0.0221
2024-09-24 14:30:00+00:00,94.81999969482422,96.47000122070312,94.79000091552734,96.45890045166016,6459635,207205302272,17.713692,0.0221
2024-09-24 15:30:00+00:00,96.45880126953125,96.63999938964844,95.51000213623047,95.51000213623047,4641975,207205302272,17.713692,0.0221
2024-09-24 16:30:00+00:00,95.5250015258789,96.34500122070312,95.29049682617188,96.27999877929688,3913809,207205302272,17.713692,0.0221
2024-09-24 17:30:00+00:00,96.29000091552734,96.86000061035156,96.22000122070312,96.59500122070312,2974877,207205302272,17.713692,0.0221
2024-09-24 18:30:00+00:00,96.59500122070312,97.5,96.4260025024414,97.25,3845809,207205302272,17.713692,0.0221
2024-09-24 19:30:00+00:00,97.23999786376953,97.24500274658203,96.76000213623047,97.2249984741211,3633858,207205302272,17.713692,0.0221
2024-09-25 13:30:00+00:00,94.37999725341797,95.87999725341797,94.12999725341797,95.64219665527344,8421505,207205302272,17.713692,0.0221
2024-09-25 14:30:00+00:00,95.63999938964844,96.0999984741211,95.5,95.83999633789062,2348952,207205302272,17.713692,0.0221
2024-09-25 15:30:00+00:00,95.8407974243164,95.98999786376953,95.31999969482422,95.88999938964844,1584254,207205302272,17.713692,0.0221
2024-09-25 16:30:00+00:00,95.88999938964844,96.18000030517578,95.62000274658203,96.0342025756836,1409116,207205302272,17.713692,0.0221
2024-09-25 17:30:00+00:00,96.02999877929688,96.08999633789062,95.55000305175781,95.72000122070312,1114103,207205302272,17.713692,0.0221
2024-09-25 18:30:00+00:00,95.72000122070312,95.80000305175781,95.48999786376953,95.56500244140625,1105656,207205302272,17.713692,0.0221
2024-09-25 19:30:00+00:00,95.56500244140625,95.56500244140625,95.31500244140625,95.43000030517578,1655840,207205302272,17.713692,0.0221
2024-09-26 13:30:00+00:00,102.8499984741211,104.0,101.760498046875,103.2249984741211,28276489,207205302272,17.713692,0.0221
2024-09-26 14:30:00+00:00,103.2300033569336,103.76000213623047,102.25,103.75,10555664,207205302272,17.713692,0.0221
2024-09-26 15:30:00+00:00,103.75800323486328,105.55000305175781,103.75499725341797,104.66000366210938,8477024,207205302272,17.713692,0.0221
2024-09-26 16:30:00+00:00,104.66999816894531,104.94999694824219,103.91000366210938,104.35970306396484,3881872,207205302272,17.713692,0.0221
2024-09-26 17:30:00+00:00,104.3499984741211,105.45999908447266,104.3499984741211,105.12999725341797,3910137,207205302272,17.713692,0.0221
2024-09-26 18:30:00+00:00,105.13999938964844,105.97000122070312,105.01000213623047,105.27999877929688,6086716,207205302272,17.713692,0.0221
2024-09-26 19:30:00+00:00,105.28890228271484,105.30000305175781,104.63999938964844,105.04000091552734,4558466,207205302272,17.713692,0.0221
2024-09-27 13:30:00+00:00,105.97000122070312,109.43000030517578,105.7300033569336,108.80000305175781,20281835,207205302272,17.713692,0.0221
2024-09-27 14:30:00+00:00,108.40129852294922,109.12000274658203,107.93000030517578,108.36000061035156,7653996,207205302272,17.713692,0.0221
2024-09-27 15:30:00+00:00,108.3499984741211,108.36000061035156,107.31999969482422,107.80500030517578,5878589,207205302272,17.713692,0.0221
2024-09-27 16:30:00+00:00,107.80000305175781,108.25,107.61000061035156,107.87999725341797,4121819,207205302272,17.713692,0.0221
2024-09-27 17:30:00+00:00,107.87310028076172,108.37999725341797,107.43000030517578,107.63999938964844,3247589,207205302272,17.713692,0.0221
2024-09-27 18:30:00+00:00,107.63999938964844,108.1500015258789,107.31999969482422,107.62999725341797,4017680,207205302272,17.713692,0.0221
2024-09-27 19:30:00+00:00,107.63999938964844,107.91889953613281,107.31999969482422,107.31999969482422,2942129,207205302272,17.713692,0.0221
2024-09-30 13:30:00+00:00,111.41999816894531,112.22000122070312,109.7699966430664,110.12000274658203,21572511,207205302272,17.713692,0.0221
2024-09-30 14:30:00+00:00,110.12999725341797,111.02999877929688,108.8010025024414,108.86499786376953,8273796,207205302272,17.713692,0.0221
2024-09-30 15:30:00+00:00,108.83100128173828,108.94989776611328,107.43000030517578,107.7699966430664,7928915,207205302272,17.713692,0.0221
2024-09-30 16:30:00+00:00,107.77999877929688,108.23500061035156,107.05000305175781,107.07830047607422,4402562,207205302272,17.713692,0.0221
2024-09-30 17:30:00+00:00,107.06999969482422,107.84989929199219,106.8499984741211,107.23999786376953,3966023,207205302272,17.713692,0.0221
2024-09-30 18:30:00+00:00,107.2249984741211,107.40499877929688,106.30010223388672,106.6050033569336,4757772,207205302272,17.713692,0.0221
2024-09-30 19:30:00+00:00,106.5999984741211,106.66999816894531,106.1050033569336,106.13999938964844,5398944,207205302272,17.713692,0.0221
2024-10-01 13:30:00+00:00,106.41999816894531,109.19200134277344,106.1500015258789,107.58000183105469,11802903,207205302272,17.713692,0.0221
2024-10-01 14:30:00+00:00,107.58000183105469,109.19000244140625,107.29000091552734,109.1500015258789,5128983,207205302272,17.713692,0.0221
2024-10-01 15:30:00+00:00,109.1500015258789,111.19000244140625,109.06999969482422,110.88020324707031,7019591,207205302272,17.713692,0.0221
2024-10-01 16:30:00+00:00,110.87999725341797,110.8833999633789,109.2300033569336,109.87000274658203,3938595,207205302272,17.713692,0.0221
2024-10-01 17:30:00+00:00,109.875,111.83000183105469,109.80750274658203,111.52999877929688,4906024,207205302272,17.713692,0.0221
2024-10-01 18:30:00+00:00,111.54499816894531,112.41999816894531,111.2699966430664,112.05000305175781,6063770,207205302272,17.713692,0.0221
2024-10-01 19:30:00+00:00,112.05999755859375,112.79000091552734,111.83000183105469,112.73999786376953,3980752,207205302272,17.713692,0.0221
2024-10-02 13:30:00+00:00,115.30999755859375,116.56999969482422,113.02999877929688,113.70330047607422,23407334,207205302272,17.713692,0.0221
2024-10-02 14:30:00+00:00,113.66500091552734,114.58999633789062,112.22000122070312,112.7300033569336,9197573,207205302272,17.713692,0.0221
2024-10-02 15:30:00+00:00,112.72000122070312,114.31999969482422,112.26000213623047,113.88999938964844,5488356,207205302272,17.713692,0.0221
2024-10-02 16:30:00+00:00,113.88849639892578,114.62999725341797,113.5999984741211,114.13500213623047,3888103,207205302272,17.713692,0.0221
2024-10-02 17:30:00+00:00,114.13999938964844,114.91999816894531,113.66999816894531,114.58999633789062,2686089,207205302272,17.713692,0.0221
2024-10-02 18:30:00+00:00,114.5999984741211,114.80999755859375,114.1500015258789,114.58100128173828,3064488,207205302272,17.713692,0.0221
2024-10-02 19:30:00+00:00,114.58499908447266,115.375,114.58000183105469,115.2300033569336,4587512,207205302272,17.713692,0.0221
2024-10-03 13:30:00+00:00,110.9000015258789,113.37000274658203,110.62999725341797,113.1146011352539,13681642,207205302272,17.713692,0.0221
2024-10-03 14:30:00+00:00,113.08999633789062,113.16999816894531,111.7583999633789,112.80999755859375,3895121,207205302272,17.713692,0.0221
2024-10-03 15:30:00+00:00,112.80000305175781,113.58999633789062,112.23999786376953,113.55000305175781,2983616,207205302272,17.713692,0.0221
2024-10-03 16:30:00+00:00,113.55000305175781,114.08999633789062,113.05000305175781,113.47000122070312,2461411,207205302272,17.713692,0.0221
2024-10-03 17:30:00+00:00,113.45999908447266,113.67250061035156,112.83999633789062,113.08999633789062,1716399,207205302272,17.713692,0.0221
2024-10-03 18:30:00+00:00,113.08000183105469,113.55380249023438,112.94000244140625,113.20999908447266,1755154,207205302272,17.713692,0.0221
2024-10-03 19:30:00+00:00,113.19999694824219,113.3949966430664,112.7300033569336,112.83499908447266,2295552,207205302272,17.713692,0.0221
2024-10-04 13:30:00+00:00,115.66500091552734,115.7300033569336,114.05999755859375,114.8499984741211,11460802,207205302272,17.713692,0.0221
2024-10-04 14:30:00+00:00,114.83999633789062,115.0250015258789,113.75,114.1500015258789,3175379,207205302272,17.713692,0.0221
2024-10-04 15:30:00+00:00,114.1500015258789,115.05000305175781,114.06780242919922,114.26000213623047,2169576,207205302272,17.713692,0.0221
2024-10-04 16:30:00+00:00,114.26000213623047,114.58999633789062,113.91000366210938,114.5250015258789,1976728,207205302272,17.713692,0.0221
2024-10-04 17:30:00+00:00,114.55999755859375,114.58599853515625,114.16999816894531,114.32499694824219,1141810,207205302272,17.713692,0.0221
2024-10-04 18:30:00+00:00,114.31500244140625,114.66000366210938,114.16999816894531,114.61000061035156,1824455,207205302272,17.713692,0.0221
2024-10-04 19:30:00+00:00,114.61000061035156,114.83000183105469,114.37999725341797,114.5199966430664,2912296,207205302272,17.713692,0.0221
2024-10-07 13:30:00+00:00,117.44999694824219,117.81999969482422,114.04000091552734,115.63999938964844,13607867,207205302272,17.713692,0.0221
2024-10-07 14:30:00+00:00,115.62000274658203,116.01000213623047,113.37000274658203,115.18000030517578,7060900,207205302272,17.713692,0.0221
2024-10-07 15:30:00+00:00,115.18000030517578,116.11000061035156,114.88999938964844,115.53500366210938,4171593,207205302272,17.713692,0.0221
2024-10-07 16:30:00+00:00,115.5199966430664,117.0,115.40499877929688,116.46589660644531,2555287,207205302272,17.713692,0.0221
2024-10-07 17:30:00+00:00,116.44000244140625,116.91200256347656,116.38999938964844,116.61000061035156,2161257,207205302272,17.713692,0.0221
2024-10-07 18:30:00+00:00,116.61000061035156,117.12999725341797,115.91999816894531,116.92500305175781,3648363,207205302272,17.713692,0.0221
2024-10-07 19:30:00+00:00,116.92500305175781,117.79000091552734,116.83999633789062,117.52999877929688,3857688,207205302272,17.713692,0.0221
2024-10-08 13:30:00+00:00,110.0999984741211,110.76000213623047,108.38999938964844,109.66999816894531,17115993,207205302272,17.713692,0.0221
2024-10-08 14:30:00+00:00,109.66000366210938,110.38999938964844,109.27999877929688,109.43699645996094,4342100,207205302272,17.713692,0.0221
2024-10-08 15:30:00+00:00,109.41999816894531,110.41999816894531,109.36000061035156,109.69999694824219,2755302,207205302272,17.713692,0.0221
2024-10-08 16:30:00+00:00,109.69000244140625,109.87000274658203,109.04499816894531,109.26000213623047,1927941,207205302272,17.713692,0.0221
2024-10-08 17:30:00+00:00,109.2699966430664,109.5,108.97000122070312,109.46499633789062,2192874,207205302272,17.713692,0.0221
2024-10-08 18:30:00+00:00,109.45999908447266,109.47000122070312,108.04000091552734,108.49500274658203,3777756,207205302272,17.713692,0.0221
2024-10-08 19:30:00+00:00,108.5,109.9000015258789,108.41999816894531,109.69200134277344,3689274,207205302272,17.713692,0.0221
2024-10-09 13:30:00+00:00,105.80000305175781,107.97000122070312,105.62000274658203,107.4800033569336,11502896,207205302272,17.713692,0.0221
2024-10-09 14:30:00+00:00,107.4800033569336,108.12000274658203,106.19000244140625,107.75,4817795,207205302272,17.713692,0.0221
2024-10-09 15:30:00+00:00,107.75499725341797,109.37999725341797,107.66000366210938,109.24009704589844,4182945,207205302272,17.713692,0.0221
2024-10-09 16:30:00+00:00,109.26000213623047,109.26000213623047,108.2300033569336,108.3499984741211,1928313,207205302272,17.713692,0.0221
2024-10-09 17:30:00+00:00,108.3499984741211,109.01000213623047,108.31999969482422,108.97000122070312,1729661,207205302272,17.713692,0.0221
2024-10-09 18:30:00+00:00,108.9800033569336,108.9800033569336,108.32369995117188,108.52989959716797,1416952,207205302272,17.713692,0.0221
2024-10-09 19:30:00+00:00,108.5022964477539,108.75,107.69999694824219,107.91999816894531,2546869,207205302272,17.713692,0.0221
2024-10-10 13:30:00+00:00,108.9800033569336,109.63999938964844,107.4800033569336,108.43000030517578,7423639,207205302272,17.713692,0.0221
2024-10-10 14:30:00+00:00,108.44000244140625,109.54000091552734,108.18000030517578,109.20999908447266,2323737,207205302272,17.713692,0.0221
2024-10-10 15:30:00+00:00,109.19000244140625,110.33000183105469,109.06999969482422,110.0,2837247,207205302272,17.713692,0.0221
2024-10-10 16:30:00+00:00,109.99500274658203,110.59369659423828,109.68499755859375,110.53500366210938,1487183,207205302272,17.713692,0.0221
2024-10-10 17:30:00+00:00,110.54000091552734,110.83999633789062,110.22010040283203,110.27999877929688,1483678,207205302272,17.713692,0.0221
2024-10-10 18:30:00+00:00,110.29000091552734,110.38999938964844,109.62000274658203,109.63999938964844,1486788,207205302272,17.713692,0.0221
2024-10-10 19:30:00+00:00,109.63999938964844,109.63999938964844,109.12999725341797,109.29000091552734,1976216,207205302272,17.713692,0.0221
2024-10-11 13:30:00+00:00,108.05000305175781,109.72000122070312,107.22000122070312,109.25,5596717,207205302272,17.713692,0.0221
2024-10-11 14:30:00+00:00,109.23999786376953,110.47000122070312,108.73999786376953,110.41000366210938,2729059,207205302272,17.713692,0.0221
2024-10-11 15:30:00+00:00,110.40989685058594,110.9000015258789,110.0,110.2699966430664,1963336,207205302272,17.713692,0.0221
2024-10-11 16:30:00+00:00,110.2699966430664,110.56999969482422,109.56749725341797,110.45999908447266,1486088,207205302272,17.713692,0.0221
2024-10-11 17:30:00+00:00,110.45600128173828,111.05000305175781,110.3499984741211,110.86250305175781,1311733,207205302272,17.713692,0.0221
2024-10-11 18:30:00+00:00,110.87000274658203,110.87000274658203,110.44000244140625,110.65460205078125,1801503,207205302272,17.713692,0.0221
2024-10-11 19:30:00+00:00,110.66000366210938,110.66000366210938,109.93499755859375,110.08999633789062,2016027,207205302272,17.713692,0.0221
2024-10-14 13:30:00+00:00,108.30999755859375,110.08000183105469,106.91999816894531,109.18589782714844,9285985,207205302272,17.713692,0.0221
2024-10-14 14:30:00+00:00,109.16999816894531,109.3499984741211,108.68000030517578,108.80999755859375,1798425,207205302272,17.713692,0.0221
2024-10-14 15:30:00+00:00,108.80000305175781,109.09500122070312,108.2300033569336,108.37999725341797,2274462,207205302272,17.713692,0.0221
2024-10-14 16:30:00+00:00,108.38999938964844,108.55999755859375,107.7699966430664,107.77639770507812,1797982,207205302272,17.713692,0.0221
2024-10-14 17:30:00+00:00,107.7699966430664,108.13999938964844,107.68000030517578,107.77999877929688,1325327,207205302272,17.713692,0.0221
2024-10-14 18:30:00+00:00,107.77079772949219,108.0,107.34500122070312,107.48999786376953,1581873,207205302272,17.713692,0.0221
2024-10-14 19:30:00+00:00,107.46589660644531,107.83000183105469,107.46589660644531,107.81999969482422,2237943,207205302272,17.713692,0.0221
2024-10-15 13:30:00+00:00,103.98999786376953,104.41000366210938,103.05000305175781,103.33499908447266,10106357,207205302272,17.713692,0.0221
2024-10-15 14:30:00+00:00,103.33000183105469,103.58000183105469,102.79000091552734,102.93256378173828,4575948,207205302272,17.713692,0.0221
2024-10-15 15:30:00+00:00,102.94450378417969,103.20999908447266,102.30000305175781,102.42500305175781,3451001,207205302272,17.713692,0.0221
2024-10-15 16:30:00+00:00,102.42259979248047,103.0,102.31999969482422,102.54000091552734,1963387,207205302272,17.713692,0.0221
2024-10-15 17:30:00+00:00,102.5459976196289,102.91999816894531,102.36000061035156,102.36000061035156,1676399,207205302272,17.713692,0.0221
2024-10-15 18:30:00+00:00,102.36000061035156,102.4000015258789,101.86499786376953,102.08999633789062,2492688,207205302272,17.713692,0.0221
2024-10-15 19:30:00+00:00,102.08999633789062,102.20999908447266,101.63999938964844,101.83999633789062,3095877,207205302272,17.713692,0.0221
2024-10-16 13:30:00+00:00,102.50499725341797,103.5999984741211,101.77999877929688,103.15019989013672,4792959,207205302272,17.713692,0.0221
2024-10-16 14:30:00+00:00,103.13999938964844,103.79000091552734,102.87999725341797,103.55000305175781,1912364,207205302272,17.713692,0.0221
2024-10-16 15:30:00+00:00,103.52999877929688,103.8499984741211,103.04000091552734,103.20999908447266,1394533,207205302272,17.713692,0.0221
2024-10-16 16:30:00+00:00,103.22000122070312,103.54499816894531,102.95999908447266,103.53990173339844,784357,207205302272,17.713692,0.0221
2024-10-16 17:30:00+00:00,103.52999877929688,103.72000122070312,103.33999633789062,103.52999877929688,1494554,207205302272,17.713692,0.0221
2024-10-16 18:30:00+00:00,103.5199966430664,103.63999938964844,103.13500213623047,103.19000244140625,852381,207205302272,17.713692,0.0221
2024-10-16 19:30:00+00:00,103.18900299072266,103.25499725341797,102.16999816894531,102.18000030517578,2946309,207205302272,17.713692,0.0221
2024-10-17 13:30:00+00:00,101.25,101.44999694824219,99.55000305175781,99.86000061035156,6995422,207205302272,17.713692,0.0221
2024-10-17 14:30:00+00:00,99.86000061035156,100.30000305175781,99.66999816894531,100.0250015258789,2325696,207205302272,17.713692,0.0221
2024-10-17 15:30:00+00:00,100.04000091552734,100.12999725341797,99.62999725341797,99.91999816894531,1239650,207205302272,17.713692,0.0221
2024-10-17 16:30:00+00:00,99.92500305175781,100.29000091552734,99.88999938964844,99.95999908447266,887097,207205302272,17.713692,0.0221
2024-10-17 17:30:00+00:00,99.97000122070312,100.29499816894531,99.79000091552734,99.83000183105469,997077,207205302272,17.713692,0.0221
2024-10-17 18:30:00+00:00,99.82990264892578,99.95999908447266,99.70500183105469,99.79000091552734,978555,207205302272,17.713692,0.0221
2024-10-17 19:30:00+00:00,99.80000305175781,100.12999725341797,99.73999786376953,100.06999969482422,1358824,207205302272,17.713692,0.0221
2024-10-18 13:30:00+00:00,103.36499786376953,103.36499786376953,101.82450103759766,102.38999938964844,8654462,207205302272,17.713692,0.0221
2024-10-18 14:30:00+00:00,102.38999938964844,102.55000305175781,101.66000366210938,102.29499816894531,2551384,207205302272,17.713692,0.0221
2024-10-18 15:30:00+00:00,102.30000305175781,102.44000244140625,101.75,102.13999938964844,2670617,207205302272,17.713692,0.0221
2024-10-18 16:30:00+00:00,102.1500015258789,102.22000122070312,101.86000061035156,102.08999633789062,1697400,207205302272,17.713692,0.0221
2024-10-18 17:30:00+00:00,102.08999633789062,102.72000122070312,102.0,102.5999984741211,1528602,207205302272,17.713692,0.0221
2024-10-18 18:30:00+00:00,102.5999984741211,102.62000274658203,102.30999755859375,102.43000030517578,1021607,207205302272,17.713692,0.0221
2024-10-18 19:30:00+00:00,102.41999816894531,102.44999694824219,102.1500015258789,102.41000366210938,1522587,207205302272,17.713692,0.0221
2024-10-21 13:30:00+00:00,100.4749984741211,101.6500015258789,100.37000274658203,100.91999816894531,3052761,207205302272,17.713692,0.0221
2024-10-21 14:30:00+00:00,100.91999816894531,100.98999786376953,100.18499755859375,100.22000122070312,1800099,207205302272,17.713692,0.0221
2024-10-21 15:30:00+00:00,100.19000244140625,100.55500030517578,100.11499786376953,100.41799926757812,805294,207205302272,17.713692,0.0221
2024-10-21 16:30:00+00:00,100.40859985351562,100.55500030517578,100.30000305175781,100.42500305175781,1145551,207205302272,17.713692,0.0221
2024-10-21 17:30:00+00:00,100.42500305175781,100.63990020751953,100.4219970703125,100.58999633789062,404993,207205302272,17.713692,0.0221
2024-10-21 18:30:00+00:00,100.58000183105469,100.68499755859375,100.51000213623047,100.63999938964844,506488,207205302272,17.713692,0.0221
2024-10-21 19:30:00+00:00,100.63999938964844,100.88999938964844,100.5999984741211,100.86000061035156,1057045,207205302272,17.713692,0.0221
2024-10-22 13:30:00+00:00,100.01000213623047,101.55000305175781,99.80000305175781,101.19999694824219,5098616,207205302272,17.713692,0.0221
2024-10-22 14:30:00+00:00,101.19000244140625,101.88999938964844,100.63999938964844,100.73999786376953,2124008,207205302272,17.713692,0.0221
2024-10-22 15:30:00+00:00,100.74019622802734,100.80999755859375,100.29000091552734,100.48999786376953,1143545,207205302272,17.713692,0.0221
2024-10-22 16:30:00+00:00,100.48999786376953,100.55999755859375,100.2300033569336,100.4000015258789,1004683,207205302272,17.713692,0.0221
2024-10-22 17:30:00+00:00,100.4000015258789,100.56999969482422,100.29000091552734,100.4800033569336,679735,207205302272,17.713692,0.0221
2024-10-22 18:30:00+00:00,100.4800033569336,100.51000213623047,100.25,100.30500030517578,623262,207205302272,17.713692,0.0221
2024-10-22 19:30:00+00:00,100.30500030517578,100.44000244140625,100.19999694824219,100.44000244140625,1110858,207205302272,17.713692,0.0221
2024-10-23 13:30:00+00:00,100.16500091552734,100.22000122070312,98.5999984741211,99.23500061035156,3577955,207205302272,17.713692,0.0221
2024-10-23 14:30:00+00:00,99.23500061035156,99.26000213623047,98.11000061035156,98.19999694824219,2705466,207205302272,17.713692,0.0221
2024-10-23 15:30:00+00:00,98.20999908447266,98.5,97.91000366210938,98.36000061035156,1738808,207205302272,17.713692,0.0221
2024-10-23 16:30:00+00:00,98.36000061035156,98.38939666748047,97.95999908447266,98.05999755859375,936437,207205302272,17.713692,0.0221
2024-10-23 17:30:00+00:00,98.05000305175781,98.12999725341797,97.73999786376953,98.04000091552734,1264431,207205302272,17.713692,0.0221
2024-10-23 18:30:00+00:00,98.02999877929688,98.18000030517578,97.73500061035156,97.82029724121094,953195,207205302272,17.713692,0.0221
2024-10-23 19:30:00+00:00,97.82499694824219,98.1050033569336,97.78500366210938,97.95999908447266,1713320,207205302272,17.713692,0.0221
2024-10-24 13:30:00+00:00,96.79000091552734,97.41000366210938,95.80999755859375,95.91999816894531,4698326,207205302272,17.713692,0.0221
2024-10-24 14:30:00+00:00,95.91000366210938,96.01010131835938,95.5199966430664,95.82499694824219,2095942,207205302272,17.713692,0.0221
2024-10-24 15:30:00+00:00,95.81999969482422,96.41500091552734,95.56999969482422,95.9800033569336,1861185,207205302272,17.713692,0.0221
2024-10-24 16:30:00+00:00,95.9800033569336,96.23999786376953,95.97000122070312,96.08999633789062,897107,207205302272,17.713692,0.0221
2024-10-24 17:30:00+00:00,96.08999633789062,96.37200164794922,96.02970123291016,96.23500061035156,798850,207205302272,17.713692,0.0221
2024-10-24 18:30:00+00:00,96.23999786376953,96.58000183105469,96.19499969482422,96.48999786376953,1380311,207205302272,17.713692,0.0221
2024-10-24 19:30:00+00:00,96.4800033569336,96.54499816894531,96.22000122070312,96.33999633789062,1229866,207205302272,17.713692,0.0221
2024-10-25 13:30:00+00:00,98.30000305175781,98.9000015258789,97.54499816894531,98.75,4597635,207205302272,17.713692,0.0221
2024-10-25 14:30:00+00:00,98.7699966430664,98.79000091552734,97.78665924072266,97.80000305175781,1524399,207205302272,17.713692,0.0221
2024-10-25 15:30:00+00:00,97.79000091552734,97.95999908447266,97.62000274658203,97.73500061035156,708772,207205302272,17.713692,0.0221
2024-10-25 16:30:00+00:00,97.7300033569336,97.76000213623047,97.30999755859375,97.41500091552734,812440,207205302272,17.713692,0.0221
2024-10-25 17:30:00+00:00,97.41000366210938,97.5739974975586,97.21499633789062,97.53849792480469,709151,207205302272,17.713692,0.0221
2024-10-25 18:30:00+00:00,97.52999877929688,97.62000274658203,97.30999755859375,97.33499908447266,723668,207205302272,17.713692,0.0221
2024-10-25 19:30:00+00:00,97.33000183105469,97.37999725341797,97.05000305175781,97.37999725341797,1607694,207205302272,17.713692,0.0221
2024-10-28 13:30:00+00:00,99.02999877929688,100.31999969482422,98.77999877929688,99.95999908447266,5109497,207205302272,17.713692,0.0221
2024-10-28 14:30:00+00:00,99.97000122070312,101.05000305175781,99.93000030517578,100.87149810791016,3009923,207205302272,17.713692,0.0221
2024-10-28 15:30:00+00:00,100.87999725341797,100.88999938964844,100.33999633789062,100.48999786376953,1698989,207205302272,17.713692,0.0221
2024-10-28 16:30:00+00:00,100.49970245361328,100.54000091552734,100.0,100.48600006103516,885931,207205302272,17.713692,0.0221
2024-10-28 17:30:00+00:00,100.48999786376953,100.51000213623047,100.05000305175781,100.29000091552734,839257,207205302272,17.713692,0.0221
2024-10-28 18:30:00+00:00,100.27999877929688,100.43000030517578,100.12000274658203,100.29989624023438,817574,207205302272,17.713692,0.0221
2024-10-28 19:30:00+00:00,100.29000091552734,100.30000305175781,99.8499984741211,99.94000244140625,1508531,207205302272,17.713692,0.0221
2024-10-29 13:30:00+00:00,101.44999694824219,101.44999694824219,99.52999877929688,99.83999633789062,5860748,207205302272,17.713692,0.0221
2024-10-29 14:30:00+00:00,99.8499984741211,100.70999908447266,99.82980346679688,100.04000091552734,1488777,207205302272,17.713692,0.0221
2024-10-29 15:30:00+00:00,100.05609893798828,100.30000305175781,100.0199966430664,100.05999755859375,831414,207205302272,17.713692,0.0221
2024-10-29 16:30:00+00:00,100.05999755859375,100.22000122070312,99.94000244140625,100.0302963256836,591040,207205302272,17.713692,0.0221
2024-10-29 17:30:00+00:00,100.02999877929688,100.06999969482422,99.86029815673828,100.0199966430664,632093,207205302272,17.713692,0.0221
2024-10-29 18:30:00+00:00,100.0199966430664,100.1500015258789,99.8550033569336,99.88999938964844,1125207,207205302272,17.713692,0.0221
2024-10-29 19:30:00+00:00,99.9000015258789,99.99500274658203,99.62999725341797,99.83000183105469,1170120,207205302272,17.713692,0.0221
2024-10-30 13:30:00+00:00,98.21499633789062,99.80000305175781,97.58000183105469,99.69000244140625,3396937,207205302272,17.713692,0.0221
2024-10-30 14:30:00+00:00,99.69000244140625,99.73999786376953,98.95999908447266,99.08999633789062,1523744,207205302272,17.713692,0.0221
2024-10-30 15:30:00+00:00,99.0999984741211,99.30000305175781,98.94000244140625,98.94000244140625,740346,207205302272,17.713692,0.0221
2024-10-30 16:30:00+00:00,98.91999816894531,99.125,98.84500122070312,98.97000122070312,573570,207205302272,17.713692,0.0221
2024-10-30 17:30:00+00:00,98.96499633789062,99.25,98.9000015258789,99.19499969482422,483733,207205302272,17.713692,0.0221
2024-10-30 18:30:00+00:00,99.19999694824219,99.26000213623047,98.96189880371094,98.9800033569336,621234,207205302272,17.713692,0.0221
2024-10-30 19:30:00+00:00,98.9749984741211,99.02999877929688,98.0,98.69999694824219,1428379,207205302272,17.713692,0.0221
2024-10-31 13:30:00+00:00,97.80000305175781,98.04499816894531,96.75499725341797,97.13999938964844,2409660,207205302272,17.713692,0.0221
2024-10-31 14:30:00+00:00,97.13999938964844,97.55000305175781,96.9000015258789,97.4800033569336,1009929,207205302272,17.713692,0.0221
2024-10-31 15:30:00+00:00,97.47000122070312,97.69000244140625,97.4000015258789,97.58999633789062,643601,207205302272,17.713692,0.0221
2024-10-31 16:30:00+00:00,97.58999633789062,97.87000274658203,97.50070190429688,97.68000030517578,689470,207205302272,17.713692,0.0221
2024-10-31 17:30:00+00:00,97.68000030517578,97.9749984741211,97.16000366210938,97.95210266113281,956927,207205302272,17.713692,0.0221
2024-10-31 18:30:00+00:00,97.95999908447266,98.08999633789062,97.83000183105469,98.0199966430664,757055,207205302272,17.713692,0.0221
2024-10-31 19:30:00+00:00,98.0199966430664,98.0999984741211,97.8499984741211,97.9800033569336,1314614,207205302272,17.713692,0.0221
2024-11-01 13:30:00+00:00,98.22000122070312,98.29989624023438,97.5,97.91999816894531,2927425,207205302272,17.713692,0.0221
2024-11-01 14:30:00+00:00,97.91999816894531,98.0199966430664,97.52999877929688,97.94259643554688,1350997,207205302272,17.713692,0.0221
2024-11-01 15:30:00+00:00,97.94000244140625,98.21499633789062,97.88999938964844,98.0199966430664,725607,207205302272,17.713692,0.0221
2024-11-01 16:30:00+00:00,98.0199966430664,98.16000366210938,97.88999938964844,98.1050033569336,661683,207205302272,17.713692,0.0221
2024-11-01 17:30:00+00:00,98.0999984741211,98.12000274658203,97.44000244140625,97.55000305175781,785907,207205302272,17.713692,0.0221
2024-11-01 18:30:00+00:00,97.55500030517578,97.7699966430664,97.5199966430664,97.66999816894531,577829,207205302272,17.713692,0.0221
2024-11-01 19:30:00+00:00,97.67500305175781,97.69000244140625,97.41999816894531,97.55999755859375,1097984,207205302272,17.713692,0.0221
2024-11-04 14:30:00+00:00,98.81999969482422,99.87999725341797,98.62000274658203,98.95500183105469,3167294,207205302272,17.713692,0.0221
2024-11-04 15:30:00+00:00,98.94999694824219,99.55500030517578,98.9000015258789,99.1500015258789,1367758,207205302272,17.713692,0.0221
2024-11-04 16:30:00+00:00,99.1500015258789,99.2300033569336,98.41000366210938,98.5999984741211,694234,207205302272,17.713692,0.0221
2024-11-04 17:30:00+00:00,98.61000061035156,98.81999969482422,98.51000213623047,98.68000030517578,890353,207205302272,17.713692,0.0221
2024-11-04 18:30:00+00:00,98.66999816894531,98.81999969482422,98.54000091552734,98.54000091552734,407459,207205302272,17.713692,0.0221
2024-11-04 19:30:00+00:00,98.52999877929688,98.63999938964844,98.36000061035156,98.61000061035156,830454,207205302272,17.713692,0.0221
2024-11-04 20:30:00+00:00,98.61000061035156,98.66899871826172,98.37000274658203,98.41999816894531,937829,207205302272,17.713692,0.0221
2024-11-05 14:30:00+00:00,99.97000122070312,101.08999633789062,99.48999786376953,99.55000305175781,4411281,207205302272,17.713692,0.0221
2024-11-05 15:30:00+00:00,99.54499816894531,100.05999755859375,99.36990356445312,99.88999938964844,1423927,207205302272,17.713692,0.0221
2024-11-05 16:30:00+00:00,99.89859771728516,99.91999816894531,99.23999786376953,99.4000015258789,912688,207205302272,17.713692,0.0221
2024-11-05 17:30:00+00:00,99.4000015258789,99.48999786376953,99.31999969482422,99.43000030517578,715654,207205302272,17.713692,0.0221
2024-11-05 18:30:00+00:00,99.44000244140625,99.44999694824219,99.1500015258789,99.27999877929688,568677,207205302272,17.713692,0.0221
2024-11-05 19:30:00+00:00,99.27050018310547,99.47000122070312,98.95500183105469,99.26499938964844,1136736,207205302272,17.713692,0.0221
2024-11-05 20:30:00+00:00,99.26499938964844,99.33999633789062,99.0999984741211,99.23999786376953,1209074,207205302272,17.713692,0.0221
2024-11-06 14:30:00+00:00,95.80000305175781,97.31999969482422,94.76000213623047,97.19999694824219,8400350,207205302272,17.713692,0.0221
2024-11-06 15:30:00+00:00,97.18000030517578,97.22000122070312,96.20500183105469,96.22000122070312,1843542,207205302272,17.713692,0.0221
2024-11-06 16:30:00+00:00,96.2249984741211,96.87999725341797,96.18000030517578,96.74500274658203,1201661,207205302272,17.713692,0.0221
2024-11-06 17:30:00+00:00,96.75,97.02999877929688,96.51499938964844,96.93000030517578,1037056,207205302272,17.713692,0.0221
2024-11-06 18:30:00+00:00,96.92500305175781,97.07499694824219,96.61000061035156,96.66500091552734,1115234,207205302272,17.713692,0.0221
2024-11-06 19:30:00+00:00,96.66000366210938,96.67500305175781,96.2300033569336,96.31999969482422,1310215,207205302272,17.713692,0.0221
2024-11-06 20:30:00+00:00,96.30999755859375,96.86000061035156,96.22000122070312,96.72000122070312,1734865,207205302272,17.713692,0.0221
2024-11-07 14:30:00+00:00,99.26000213623047,100.5199966430664,99.18000030517578,100.19000244140625,5428494,207205302272,17.713692,0.0221
2024-11-07 15:30:00+00:00,100.18000030517578,100.27999877929688,99.6500015258789,99.80999755859375,1985945,207205302272,17.713692,0.0221
2024-11-07 16:30:00+00:00,99.80999755859375,100.16999816894531,99.5250015258789,100.16000366210938,1296772,207205302272,17.713692,0.0221
2024-11-07 17:30:00+00:00,100.15499877929688,100.68000030517578,99.97000122070312,100.32499694824219,1169739,207205302272,17.713692,0.0221
2024-11-07 18:30:00+00:00,100.33000183105469,100.79000091552734,100.0,100.75,1359558,207205302272,17.713692,0.0221
2024-11-07 19:30:00+00:00,100.75,101.0999984741211,100.55999755859375,100.71499633789062,2392005,207205302272,17.713692,0.0221
2024-11-07 20:30:00+00:00,100.71499633789062,100.79000091552734,99.9800033569336,100.16000366210938,1931374,207205302272,17.713692,0.0221
2024-11-08 14:30:00+00:00,96.11000061035156,96.2300033569336,94.7300033569336,94.7300033569336,7633588,207205302272,17.713692,0.0221
2024-11-08 15:30:00+00:00,94.73999786376953,95.02999877929688,93.80999755859375,94.3499984741211,4405218,207205302272,17.713692,0.0221
2024-11-08 16:30:00+00:00,94.3499984741211,94.41999816894531,93.69000244140625,94.08999633789062,2667361,207205302272,17.713692,0.0221
2024-11-08 17:30:00+00:00,94.08499908447266,94.23500061035156,93.69999694824219,93.87000274658203,2440564,207205302272,17.713692,0.0221
2024-11-08 18:30:00+00:00,93.87000274658203,94.1449966430664,93.83000183105469,93.88999938964844,1595066,207205302272,17.713692,0.0221
2024-11-08 19:30:00+00:00,93.9000015258789,94.23999786376953,93.8499984741211,94.06310272216797,1696267,207205302272,17.713692,0.0221
2024-11-08 20:30:00+00:00,94.06500244140625,94.26499938964844,94.05010223388672,94.18000030517578,2302306,207205302272,17.713692,0.0221
2024-11-11 14:30:00+00:00,96.16000366210938,96.80000305175781,95.51100158691406,95.7699966430664,5598599,207205302272,17.713692,0.0221
2024-11-11 15:30:00+00:00,95.7699966430664,95.80999755859375,95.23999786376953,95.36000061035156,1310794,207205302272,17.713692,0.0221
2024-11-11 16:30:00+00:00,95.19000244140625,95.5199966430664,95.04499816894531,95.3499984741211,1448512,207205302272,17.713692,0.0221
2024-11-11 17:30:00+00:00,95.36000061035156,95.54499816894531,95.2300033569336,95.38999938964844,823557,207205302272,17.713692,0.0221
2024-11-11 18:30:00+00:00,95.38999938964844,95.62000274658203,95.30000305175781,95.3550033569336,881889,207205302272,17.713692,0.0221
2024-11-11 19:30:00+00:00,95.36000061035156,95.70999908447266,95.31009674072266,95.53500366210938,879954,207205302272,17.713692,0.0221
2024-11-11 20:30:00+00:00,95.53500366210938,95.58000183105469,95.38999938964844,95.44000244140625,1044517,207205302272,17.713692,0.0221
2024-11-12 14:30:00+00:00,92.68000030517578,93.2699966430664,91.91999816894531,91.98500061035156,6679424,207205302272,17.713692,0.0221
2024-11-12 15:30:00+00:00,91.98500061035156,92.42990112304688,91.62999725341797,91.80999755859375,2501563,207205302272,17.713692,0.0221
2024-11-12 16:30:00+00:00,91.80010223388672,91.91000366210938,91.02999877929688,91.28500366210938,2134620,207205302272,17.713692,0.0221
2024-11-12 17:30:00+00:00,91.27999877929688,91.70999908447266,91.27999877929688,91.69999694824219,1323857,207205302272,17.713692,0.0221
2024-11-12 18:30:00+00:00,91.69000244140625,91.81500244140625,91.40499877929688,91.74009704589844,1063781,207205302272,17.713692,0.0221
2024-11-12 19:30:00+00:00,91.74683380126953,92.08999633789062,91.68000030517578,91.91000366210938,5002111,207205302272,17.713692,0.0221
2024-11-12 20:30:00+00:00,91.91000366210938,91.94499969482422,91.66000366210938,91.77999877929688,1910098,207205302272,17.713692,0.0221
2024-11-13 14:30:00+00:00,92.55000305175781,92.77999877929688,91.57499694824219,91.73999786376953,3402779,207205302272,17.713692,0.0221
2024-11-13 15:30:00+00:00,91.73999786376953,91.83000183105469,91.33499908447266,91.37999725341797,1648635,207205302272,17.713692,0.0221
2024-11-13 16:30:00+00:00,91.39990234375,91.77999877929688,91.27999877929688,91.5250015258789,1052774,207205302272,17.713692,0.0221
2024-11-13 17:30:00+00:00,91.52999877929688,91.86499786376953,91.48999786376953,91.51499938964844,910177,207205302272,17.713692,0.0221
2024-11-13 18:30:00+00:00,91.51499938964844,91.79000091552734,91.45999908447266,91.57990264892578,1002361,207205302272,17.713692,0.0221
2024-11-13 19:30:00+00:00,91.58000183105469,91.89990234375,91.48999786376953,91.88500213623047,1075236,207205302272,17.713692,0.0221
2024-11-13 20:30:00+00:00,91.88500213623047,92.07499694824219,91.83999633789062,91.98999786376953,1770811,207205302272,17.713692,0.0221
2024-11-14 14:30:00+00:00,90.88999938964844,91.37000274658203,90.01000213623047,90.84500122070312,6073863,207205302272,17.713692,0.0221
2024-11-14 15:30:00+00:00,90.83999633789062,90.86000061035156,90.47000122070312,90.7699966430664,1550682,207205302272,17.713692,0.0221
2024-11-14 16:30:00+00:00,90.77790069580078,90.87999725341797,90.3550033569336,90.48999786376953,1338334,207205302272,17.713692,0.0221
2024-11-14 17:30:00+00:00,90.48999786376953,90.70500183105469,90.28500366210938,90.66000366210938,975095,207205302272,17.713692,0.0221
2024-11-14 18:30:00+00:00,90.66000366210938,90.9800033569336,90.6500015258789,90.91999816894531,1230347,207205302272,17.713692,0.0221
2024-11-14 19:30:00+00:00,90.91999816894531,91.08000183105469,90.51000213623047,90.69999694824219,1753146,207205302272,17.713692,0.0221
2024-11-14 20:30:00+00:00,90.69999694824219,90.80000305175781,90.45999908447266,90.54000091552734,2507881,207205302272,17.713692,0.0221
2024-11-15 14:30:00+00:00,90.19999694824219,90.69999694824219,87.26000213623047,88.33000183105469,14967864,207205302272,17.713692,0.0221
2024-11-15 15:30:00+00:00,88.33000183105469,88.4800033569336,87.2300033569336,88.19000244140625,3643364,207205302272,17.713692,0.0221
2024-11-15 16:30:00+00:00,88.16999816894531,88.3499984741211,87.87000274658203,88.16999816894531,1668437,207205302272,17.713692,0.0221
2024-11-15 17:30:00+00:00,88.16999816894531,88.69999694824219,87.83999633789062,88.55500030517578,1465046,207205302272,17.713692,0.0221
2024-11-15 18:30:00+00:00,88.54509735107422,88.5999984741211,87.94999694824219,87.97000122070312,1695821,207205302272,17.713692,0.0221
2024-11-15 19:30:00+00:00,87.97000122070312,88.47000122070312,87.68000030517578,88.37999725341797,2037949,207205302272,17.713692,0.0221
2024-11-15 20:30:00+00:00,88.36900329589844,88.58999633789062,88.19999694824219,88.58000183105469,2501520,207205302272,17.713692,0.0221
2024-11-18 14:30:00+00:00,88.9000015258789,89.3949966430664,87.8499984741211,88.0199966430664,4740990,207205302272,17.713692,0.0221
2024-11-18 15:30:00+00:00,88.0199966430664,88.7249984741211,87.95999908447266,88.52999877929688,1449490,207205302272,17.713692,0.0221
2024-11-18 16:30:00+00:00,88.52999877929688,89.06999969482422,88.52999877929688,88.94499969482422,1021382,207205302272,17.713692,0.0221
2024-11-18 17:30:00+00:00,88.94499969482422,89.36000061035156,88.8949966430664,89.2300033569336,789001,207205302272,17.713692,0.0221
2024-11-18 18:30:00+00:00,89.23500061035156,89.37000274658203,89.08999633789062,89.25479888916016,664073,207205302272,17.713692,0.0221
2024-11-18 19:30:00+00:00,89.2699966430664,89.5,89.2300033569336,89.48310089111328,738888,207205302272,17.713692,0.0221
2024-11-18 20:30:00+00:00,89.48999786376953,89.49500274658203,89.2750015258789,89.37000274658203,1236469,207205302272,17.713692,0.0221
2024-11-19 14:30:00+00:00,87.16000366210938,87.94000244140625,86.95999908447266,87.68000030517578,3865730,207205302272,17.713692,0.0221
2024-11-19 15:30:00+00:00,87.66999816894531,87.76689910888672,87.08000183105469,87.2229995727539,2095335,207205302272,17.713692,0.0221
2024-11-19 16:30:00+00:00,87.2249984741211,87.23500061035156,86.98999786376953,87.04499816894531,1508259,207205302272,17.713692,0.0221
2024-11-19 17:30:00+00:00,87.04499816894531,87.19000244140625,86.83999633789062,86.94000244140625,1585566,207205302272,17.713692,0.0221
2024-11-19 18:30:00+00:00,86.94000244140625,87.2300033569336,86.81839752197266,87.05999755859375,4448457,207205302272,17.713692,0.0221
2024-11-19 19:30:00+00:00,87.06500244140625,87.0999984741211,86.83999633789062,86.9749984741211,1441917,207205302272,17.713692,0.0221
2024-11-19 20:30:00+00:00,86.97100067138672,87.30000305175781,86.91999816894531,87.0999984741211,3133468,207205302272,17.713692,0.0221
2024-11-20 14:30:00+00:00,87.04000091552734,87.54000091552734,86.5,87.0999984741211,3483351,207205302272,17.713692,0.0221
2024-11-20 15:30:00+00:00,87.0999984741211,87.30999755859375,86.90499877929688,87.0,1301547,207205302272,17.713692,0.0221
2024-11-20 16:30:00+00:00,87.00499725341797,87.21990203857422,86.94999694824219,87.16999816894531,887926,207205302272,17.713692,0.0221
2024-11-20 17:30:00+00:00,87.16000366210938,87.18000030517578,86.80999755859375,86.83000183105469,998197,207205302272,17.713692,0.0221
2024-11-20 18:30:00+00:00,86.83999633789062,86.83999633789062,86.56999969482422,86.62999725341797,897120,207205302272,17.713692,0.0221
2024-11-20 19:30:00+00:00,86.62999725341797,86.76000213623047,86.54000091552734,86.6415023803711,1990424,207205302272,17.713692,0.0221
2024-11-20 20:30:00+00:00,86.63999938964844,86.77999877929688,86.62000274658203,86.7699966430664,1625706,207205302272,17.713692,0.0221
2024-11-21 14:30:00+00:00,86.9800033569336,87.03949737548828,85.7699966430664,85.83000183105469,5412536,207205302272,17.713692,0.0221
2024-11-21 15:30:00+00:00,85.81999969482422,85.98500061035156,85.55000305175781,85.67500305175781,1580304,207205302272,17.713692,0.0221
2024-11-21 16:30:00+00:00,85.67289733886719,85.77999877929688,85.44499969482422,85.76000213623047,1537053,207205302272,17.713692,0.0221
2024-11-21 17:30:00+00:00,85.76000213623047,86.12000274658203,85.68000030517578,85.98899841308594,896217,207205302272,17.713692,0.0221
2024-11-21 18:30:00+00:00,85.98999786376953,86.01499938964844,85.51000213623047,85.58999633789062,1218451,207205302272,17.713692,0.0221
2024-11-21 19:30:00+00:00,85.59500122070312,85.80999755859375,85.5199966430664,85.69499969482422,1309004,207205302272,17.713692,0.0221
2024-11-21 20:30:00+00:00,85.69999694824219,85.74500274658203,85.55000305175781,85.57749938964844,2380909,207205302272,17.713692,0.0221
2024-11-22 14:30:00+00:00,83.5999984741211,83.68000030517578,82.9000015258789,83.16999816894531,7419057,207205302272,17.713692,0.0221
2024-11-22 15:30:00+00:00,83.18000030517578,83.41000366210938,82.8499984741211,82.93000030517578,2786851,207205302272,17.713692,0.0221
2024-11-22 16:30:00+00:00,82.92849731445312,83.38999938964844,82.74500274658203,82.92500305175781,2387948,207205302272,17.713692,0.0221
2024-11-22 17:30:00+00:00,82.92500305175781,83.08000183105469,82.75,82.78990173339844,2267561,207205302272,17.713692,0.0221
2024-11-22 18:30:00+00:00,82.78990173339844,82.96499633789062,82.63500213623047,82.85230255126953,2567227,207205302272,17.713692,0.0221
2024-11-22 19:30:00+00:00,82.8550033569336,83.04000091552734,82.83999633789062,82.86000061035156,3386492,207205302272,17.713692,0.0221
2024-11-22 20:30:00+00:00,82.8550033569336,83.19499969482422,82.78500366210938,83.18499755859375,3105290,207205302272,17.713692,0.0221
2024-11-25 14:30:00+00:00,84.25,85.41999816894531,83.75,85.10970306396484,5025927,207205302272,17.713692,0.0221
2024-11-25 15:30:00+00:00,85.0999984741211,85.14089965820312,84.44000244140625,84.7300033569336,2329227,207205302272,17.713692,0.0221
2024-11-25 16:30:00+00:00,84.7300033569336,85.0271987915039,84.61000061035156,84.84500122070312,1505356,207205302272,17.713692,0.0221
2024-11-25 17:30:00+00:00,84.8499984741211,85.16000366210938,84.76000213623047,85.1449966430664,893339,207205302272,17.713692,0.0221
2024-11-25 18:30:00+00:00,85.1500015258789,85.64710235595703,85.1500015258789,85.63500213623047,1035824,207205302272,17.713692,0.0221
2024-11-25 19:30:00+00:00,85.63999938964844,85.875,85.5,85.61000061035156,1419887,207205302272,17.713692,0.0221
2024-11-25 20:30:00+00:00,85.5999984741211,85.81999969482422,85.54000091552734,85.55000305175781,1907457,207205302272,17.713692,0.0221
2024-11-26 14:30:00+00:00,85.81500244140625,86.08000183105469,84.95999908447266,84.98999786376953,2962453,207205302272,17.713692,0.0221
2024-11-26 15:30:00+00:00,84.9800033569336,85.35250091552734,84.86000061035156,85.11900329589844,1158217,207205302272,17.713692,0.0221
2024-11-26 16:30:00+00:00,85.11000061035156,85.5999984741211,85.11000061035156,85.4000015258789,1082631,207205302272,17.713692,0.0221
2024-11-26 17:30:00+00:00,85.4000015258789,85.73500061035156,85.4000015258789,85.49500274658203,770721,207205302272,17.713692,0.0221
2024-11-26 18:30:00+00:00,85.48999786376953,85.5999984741211,85.37000274658203,85.45249938964844,811712,207205302272,17.713692,0.0221
2024-11-26 19:30:00+00:00,85.44999694824219,85.58499908447266,85.33000183105469,85.36000061035156,770656,207205302272,17.713692,0.0221
2024-11-26 20:30:00+00:00,85.35900115966797,85.35900115966797,85.05000305175781,85.18000030517578,1247173,207205302272,17.713692,0.0221
2024-11-27 14:30:00+00:00,86.97000122070312,87.54000091552734,86.47000122070312,87.18000030517578,4751454,207205302272,17.713692,0.0221
2024-11-27 15:30:00+00:00,87.19000244140625,87.29499816894531,86.5,86.62000274658203,1896933,207205302272,17.713692,0.0221
2024-11-27 16:30:00+00:00,86.62000274658203,86.90989685058594,86.5999984741211,86.64299774169922,1277599,207205302272,17.713692,0.0221
2024-11-27 17:30:00+00:00,86.6500015258789,86.95999908447266,86.58999633789062,86.93499755859375,996032,207205302272,17.713692,0.0221
2024-11-27 18:30:00+00:00,86.93499755859375,87.08999633789062,86.87999725341797,86.91999816894531,759783,207205302272,17.713692,0.0221
2024-11-27 19:30:00+00:00,86.91999816894531,87.04000091552734,86.73999786376953,86.80000305175781,1001767,207205302272,17.713692,0.0221
2024-11-27 20:30:00+00:00,86.80000305175781,86.8949966430664,86.52999877929688,86.58000183105469,1539129,207205302272,17.713692,0.0221
2024-11-29 14:30:00+00:00,86.41999816894531,86.69999694824219,85.97000122070312,86.62999725341797,2409556,207205302272,17.713692,0.0221
2024-11-29 15:30:00+00:00,86.62999725341797,87.01000213623047,86.625,86.92500305175781,1823803,207205302272,17.713692,0.0221
2024-11-29 16:30:00+00:00,86.92500305175781,87.43000030517578,86.77999877929688,87.41999816894531,1499671,207205302272,17.713692,0.0221
2024-12-02 14:30:00+00:00,86.94000244140625,87.0,85.68000030517578,85.69999694824219,4371451,207205302272,17.713692,0.0221
2024-12-02 15:30:00+00:00,85.69000244140625,85.75,85.2699966430664,85.61499786376953,3453774,207205302272,17.713692,0.0221
2024-12-02 16:30:00+00:00,85.61000061035156,85.7699966430664,85.44999694824219,85.5322036743164,1851784,207205302272,17.713692,0.0221
2024-12-02 17:30:00+00:00,85.54000091552734,85.80999755859375,85.52999877929688,85.66999816894531,1272253,207205302272,17.713692,0.0221
2024-12-02 18:30:00+00:00,85.67569732666016,85.94000244140625,85.6500015258789,85.91999816894531,1274490,207205302272,17.713692,0.0221
2024-12-02 19:30:00+00:00,85.91840362548828,86.18499755859375,85.83000183105469,86.04000091552734,1604175,207205302272,17.713692,0.0221
2024-12-02 20:30:00+00:00,86.04000091552734,86.23500061035156,85.93000030517578,85.94999694824219,2046077,207205302272,17.713692,0.0221
2024-12-03 14:30:00+00:00,86.00499725341797,86.63999938964844,85.66000366210938,85.68000030517578,3104541,207205302272,17.713692,0.0221
2024-12-03 15:30:00+00:00,85.68499755859375,86.28500366210938,85.66000366210938,86.25499725341797,2297237,207205302272,17.713692,0.0221
2024-12-03 16:30:00+00:00,86.26000213623047,86.2750015258789,85.91999816894531,85.9800033569336,1831488,207205302272,17.713692,0.0221
2024-12-03 17:30:00+00:00,85.98500061035156,86.19000244140625,85.94000244140625,86.05000305175781,775983,207205302272,17.713692,0.0221
2024-12-03 18:30:00+00:00,86.05000305175781,86.07759857177734,85.72000122070312,85.79000091552734,1113257,207205302272,17.713692,0.0221
2024-12-03 19:30:00+00:00,85.79000091552734,85.80999755859375,85.37999725341797,85.69499969482422,2037835,207205302272,17.713692,0.0221
2024-12-03 20:30:00+00:00,85.69000244140625,85.76499938964844,85.61000061035156,85.68499755859375,1842043,207205302272,17.713692,0.0221
2024-12-04 14:30:00+00:00,85.94999694824219,85.98999786376953,84.80999755859375,84.93000030517578,3467494,207205302272,17.713692,0.0221
2024-12-04 15:30:00+00:00,84.93000030517578,84.97000122070312,84.2699966430664,84.5250015258789,3137666,207205302272,17.713692,0.0221
2024-12-04 16:30:00+00:00,84.52999877929688,84.80000305175781,84.41999816894531,84.68000030517578,1188459,207205302272,17.713692,0.0221
2024-12-04 17:30:00+00:00,84.68000030517578,84.875,84.58000183105469,84.63990020751953,871689,207205302272,17.713692,0.0221
2024-12-04 18:30:00+00:00,84.62999725341797,84.89199829101562,84.57499694824219,84.78500366210938,884886,207205302272,17.713692,0.0221
2024-12-04 19:30:00+00:00,84.77999877929688,84.87999725341797,84.66999816894531,84.8550033569336,876598,207205302272,17.713692,0.0221
2024-12-04 20:30:00+00:00,84.8550033569336,85.05999755859375,84.8499984741211,84.93499755859375,1162608,207205302272,17.713692,0.0221
2024-12-05 14:30:00+00:00,84.79499816894531,85.0999984741211,84.37000274658203,84.625,3325480,207205302272,17.713692,0.0221
2024-12-05 15:30:00+00:00,84.62000274658203,84.62999725341797,84.04000091552734,84.0719985961914,2550201,207205302272,17.713692,0.0221
2024-12-05 16:30:00+00:00,84.07499694824219,84.29499816894531,83.9800033569336,84.06269836425781,1175814,207205302272,17.713692,0.0221
2024-12-05 17:30:00+00:00,84.06009674072266,84.19999694824219,83.94999694824219,83.9800033569336,1039523,207205302272,17.713692,0.0221
2024-12-05 18:30:00+00:00,83.9800033569336,84.17990112304688,83.92500305175781,84.06500244140625,1470405,207205302272,17.713692,0.0221
2024-12-05 19:30:00+00:00,84.06990051269531,84.27999877929688,84.03019714355469,84.18879699707031,1332078,207205302272,17.713692,0.0221
2024-12-05 20:30:00+00:00,84.18000030517578,84.22000122070312,84.06500244140625,84.13999938964844,1499367,207205302272,17.713692,0.0221
2024-12-06 14:30:00+00:00,86.01000213623047,86.69000244140625,85.91999816894531,86.16000366210938,3831419,207205302272,17.713692,0.0221
2024-12-06 15:30:00+00:00,86.16500091552734,86.47000122070312,86.0250015258789,86.05999755859375,1332791,207205302272,17.713692,0.0221
2024-12-06 16:30:00+00:00,86.06999969482422,86.45999908447266,86.06465148925781,86.2249984741211,1005047,207205302272,17.713692,0.0221
2024-12-06 17:30:00+00:00,86.2300033569336,86.3499984741211,86.16999816894531,86.23629760742188,756008,207205302272,17.713692,0.0221
2024-12-06 18:30:00+00:00,86.2300033569336,86.2750015258789,86.1500015258789,86.16000366210938,712984,207205302272,17.713692,0.0221
2024-12-06 19:30:00+00:00,86.16000366210938,86.25,86.05999755859375,86.12999725341797,660261,207205302272,17.713692,0.0221
2024-12-06 20:30:00+00:00,86.125,86.26000213623047,85.9000015258789,85.94999694824219,1352926,207205302272,17.713692,0.0221
2024-12-09 14:30:00+00:00,92.01000213623047,94.04000091552734,91.83000183105469,92.38999938964844,14240715,207205302272,17.713692,0.0221
2024-12-09 15:30:00+00:00,92.37000274658203,93.87999725341797,92.33999633789062,92.91699981689453,4632897,207205302272,17.713692,0.0221
2024-12-09 16:30:00+00:00,92.9000015258789,94.02999877929688,92.87999725341797,93.87920379638672,3128650,207205302272,17.713692,0.0221
2024-12-09 17:30:00+00:00,93.87999725341797,94.12000274658203,93.44010162353516,93.48999786376953,2160935,207205302272,17.713692,0.0221
2024-12-09 18:30:00+00:00,93.49500274658203,93.88999938964844,93.44999694824219,93.4800033569336,1901964,207205302272,17.713692,0.0221
2024-12-09 19:30:00+00:00,93.47000122070312,93.66000366210938,92.61000061035156,92.79000091552734,2384211,207205302272,17.713692,0.0221
2024-12-09 20:30:00+00:00,92.79000091552734,92.79000091552734,92.26000213623047,92.33999633789062,2560179,207205302272,17.713692,0.0221
2024-12-10 14:30:00+00:00,89.78500366210938,90.55999755859375,89.5,89.80000305175781,4793635,207205302272,17.713692,0.0221
2024-12-10 15:30:00+00:00,89.80500030517578,90.22000122070312,89.625,89.93000030517578,1316435,207205302272,17.713692,0.0221
2024-12-10 16:30:00+00:00,89.91999816894531,90.08000183105469,89.83000183105469,89.95500183105469,834962,207205302272,17.713692,0.0221
2024-12-10 17:30:00+00:00,89.94999694824219,90.19499969482422,89.9000015258789,90.08450317382812,854661,207205302272,17.713692,0.0221
2024-12-10 18:30:00+00:00,90.08999633789062,90.12000274658203,89.58000183105469,89.62000274658203,1375517,207205302272,17.713692,0.0221
2024-12-10 19:30:00+00:00,89.61499786376953,89.75499725341797,89.49500274658203,89.5999984741211,1044682,207205302272,17.713692,0.0221
2024-12-10 20:30:00+00:00,89.59500122070312,89.96499633789062,89.5199966430664,89.86000061035156,1365728,207205302272,17.713692,0.0221
2024-12-11 14:30:00+00:00,88.8949966430664,88.8949966430664,88.0,88.45999908447266,2628702,207205302272,17.713692,0.0221
2024-12-11 15:30:00+00:00,88.44999694824219,88.5,88.02999877929688,88.43000030517578,1069158,207205302272,17.713692,0.0221
2024-12-11 16:30:00+00:00,88.43000030517578,88.66999816894531,88.33000183105469,88.4999008178711,861874,207205302272,17.713692,0.0221
2024-12-11 17:30:00+00:00,88.49500274658203,88.51000213623047,88.22000122070312,88.31500244140625,709735,207205302272,17.713692,0.0221
2024-12-11 18:30:00+00:00,88.31089782714844,88.43000030517578,88.22000122070312,88.38999938964844,480339,207205302272,17.713692,0.0221
2024-12-11 19:30:00+00:00,88.37999725341797,88.875,88.3499984741211,88.79499816894531,1039521,207205302272,17.713692,0.0221
2024-12-11 20:30:00+00:00,88.79000091552734,89.16500091552734,88.76000213623047,89.01000213623047,1266145,207205302272,17.713692,0.0221
2024-12-12 14:30:00+00:00,89.03500366210938,90.0,88.48999786376953,89.31999969482422,3974499,207205302272,17.713692,0.0221
2024-12-12 15:30:00+00:00,89.30000305175781,89.48989868164062,88.93000030517578,89.48989868164062,1283393,207205302272,17.713692,0.0221
2024-12-12 16:30:00+00:00,89.48999786376953,89.69000244140625,89.2699966430664,89.40499877929688,888813,207205302272,17.713692,0.0221
2024-12-12 17:30:00+00:00,89.41000366210938,89.49919891357422,89.16000366210938,89.2300033569336,626933,207205302272,17.713692,0.0221
2024-12-12 18:30:00+00:00,89.25,89.30000305175781,89.02020263671875,89.1050033569336,568006,207205302272,17.713692,0.0221
2024-12-12 19:30:00+00:00,89.1050033569336,89.29000091552734,89.0199966430664,89.26000213623047,565594,207205302272,17.713692,0.0221
2024-12-12 20:30:00+00:00,89.25,89.33000183105469,89.18000030517578,89.25,1155649,207205302272,17.713692,0.0221
2024-12-13 14:30:00+00:00,88.19000244140625,88.38999938964844,87.44770050048828,87.55999755859375,4361500,207205302272,17.713692,0.0221
2024-12-13 15:30:00+00:00,87.56500244140625,87.63999938964844,87.23999786376953,87.33999633789062,1820186,207205302272,17.713692,0.0221
2024-12-13 16:30:00+00:00,87.34500122070312,87.72000122070312,87.34500122070312,87.5999984741211,927829,207205302272,17.713692,0.0221
2024-12-13 17:30:00+00:00,87.59500122070312,87.80000305175781,87.56999969482422,87.75,490326,207205302272,17.713692,0.0221
2024-12-13 18:30:00+00:00,87.76000213623047,87.83000183105469,87.58000183105469,87.83000183105469,627706,207205302272,17.713692,0.0221
2024-12-13 19:30:00+00:00,87.82499694824219,87.95500183105469,87.7300033569336,87.80999755859375,694494,207205302272,17.713692,0.0221
2024-12-13 20:30:00+00:00,87.80999755859375,87.87999725341797,87.59500122070312,87.83999633789062,1292124,207205302272,17.713692,0.0221
2024-12-16 14:30:00+00:00,85.95999908447266,86.91889953613281,85.87000274658203,86.40499877929688,4151902,207205302272,17.713692,0.0221
2024-12-16 15:30:00+00:00,86.4000015258789,86.58000183105469,86.05010223388672,86.12999725341797,1780357,207205302272,17.713692,0.0221
2024-12-16 16:30:00+00:00,86.13999938964844,86.47000122070312,86.08999633789062,86.3949966430664,969289,207205302272,17.713692,0.0221
2024-12-16 17:30:00+00:00,86.39009857177734,86.50499725341797,86.09500122070312,86.12000274658203,973225,207205302272,17.713692,0.0221
2024-12-16 18:30:00+00:00,86.12000274658203,86.3324966430664,86.05500030517578,86.19499969482422,798967,207205302272,17.713692,0.0221
2024-12-16 19:30:00+00:00,86.19999694824219,86.30000305175781,86.12200164794922,86.1500015258789,967641,207205302272,17.713692,0.0221
2024-12-16 20:30:00+00:00,86.15809631347656,86.16000366210938,85.91999816894531,86.02999877929688,2160177,207205302272,17.713692,0.0221
2024-12-17 14:30:00+00:00,85.5,86.44999694824219,85.4000015258789,86.41000366210938,3211299,207205302272,17.713692,0.0221
2024-12-17 15:30:00+00:00,86.41000366210938,87.5999984741211,86.38999938964844,87.02999877929688,2825958,207205302272,17.713692,0.0221
2024-12-17 16:30:00+00:00,87.02999877929688,87.23999786376953,86.91010284423828,87.12999725341797,766720,207205302272,17.713692,0.0221
2024-12-17 17:30:00+00:00,87.12999725341797,87.5,87.0999984741211,87.2300033569336,774284,207205302272,17.713692,0.0221
2024-12-17 18:30:00+00:00,87.2300033569336,87.29000091552734,87.01000213623047,87.23999786376953,778793,207205302272,17.713692,0.0221
2024-12-17 19:30:00+00:00,87.24500274658203,87.2750015258789,86.98999786376953,87.08000183105469,646444,207205302272,17.713692,0.0221
2024-12-17 20:30:00+00:00,87.08499908447266,87.2699966430664,87.05999755859375,87.1500015258789,1055522,207205302272,17.713692,0.0221
2024-12-18 14:30:00+00:00,86.39099884033203,87.22000122070312,86.18000030517578,86.62999725341797,2268719,207205302272,17.713692,0.0221
2024-12-18 15:30:00+00:00,86.62999725341797,86.68499755859375,86.34500122070312,86.62750244140625,1038364,207205302272,17.713692,0.0221
2024-12-18 16:30:00+00:00,86.625,86.625,86.33499908447266,86.5541000366211,2165607,207205302272,17.713692,0.0221
2024-12-18 17:30:00+00:00,86.54499816894531,86.5999984741211,86.47000122070312,86.5000991821289,448373,207205302272,17.713692,0.0221
2024-12-18 18:30:00+00:00,86.5009994506836,86.5999984741211,85.95010375976562,86.00499725341797,472013,207205302272,17.713692,0.0221
2024-12-18 19:30:00+00:00,86.0,86.15460205078125,85.29000091552734,85.33499908447266,1954745,207205302272,17.713692,0.0221
2024-12-18 20:30:00+00:00,85.33499908447266,85.37999725341797,84.8279037475586,84.97000122070312,2194548,207205302272,17.713692,0.0221
2024-12-19 14:30:00+00:00,85.0,85.38999938964844,84.61000061035156,84.62999725341797,2617136,207205302272,17.713692,0.0221
2024-12-19 15:30:00+00:00,84.62999725341797,84.9843978881836,84.41999816894531,84.68000030517578,1385816,207205302272,17.713692,0.0221
2024-12-19 16:30:00+00:00,84.68000030517578,84.8499984741211,84.5199966430664,84.52999877929688,716530,207205302272,17.713692,0.0221
2024-12-19 17:30:00+00:00,84.52999877929688,84.56999969482422,84.4000015258789,84.56500244140625,1054493,207205302272,17.713692,0.0221
2024-12-19 18:30:00+00:00,84.56819915771484,84.69499969482422,84.4000015258789,84.50499725341797,659312,207205302272,17.713692,0.0221
2024-12-19 19:30:00+00:00,84.50499725341797,84.51000213623047,84.30000305175781,84.36000061035156,752578,207205302272,17.713692,0.0221
2024-12-19 20:30:00+00:00,84.36499786376953,84.48500061035156,84.23999786376953,84.30500030517578,1652206,207205302272,17.713692,0.0221
2024-12-20 14:30:00+00:00,82.20999908447266,82.94000244140625,81.69999694824219,82.41500091552734,6397335,207205302272,17.713692,0.0221
2024-12-20 15:30:00+00:00,82.41000366210938,83.0,82.19499969482422,82.60189819335938,2661633,207205302272,17.713692,0.0221
2024-12-20 16:30:00+00:00,82.61000061035156,82.8949966430664,82.58000183105469,82.65499877929688,3097581,207205302272,17.713692,0.0221
2024-12-20 17:30:00+00:00,82.65499877929688,82.80000305175781,82.29000091552734,82.37999725341797,1172613,207205302272,17.713692,0.0221
2024-12-20 18:30:00+00:00,82.38999938964844,82.69999694824219,82.30000305175781,82.66000366210938,1167282,207205302272,17.713692,0.0221
2024-12-20 19:30:00+00:00,82.66000366210938,82.875,82.52999877929688,82.58999633789062,1534805,207205302272,17.713692,0.0221
2024-12-20 20:30:00+00:00,82.59500122070312,82.80999755859375,82.25,82.37000274658203,2898108,207205302272,17.713692,0.0221
2024-12-23 14:30:00+00:00,82.8499984741211,84.38999938964844,82.7699966430664,84.37999725341797,4113471,207205302272,17.713692,0.0221
2024-12-23 15:30:00+00:00,84.37999725341797,84.38999938964844,83.88249969482422,84.26270294189453,1792562,207205302272,17.713692,0.0221
2024-12-23 16:30:00+00:00,84.2699966430664,84.52999877929688,84.23999786376953,84.49539947509766,1209138,207205302272,17.713692,0.0221
2024-12-23 17:30:00+00:00,84.49500274658203,84.61000061035156,84.42009735107422,84.47000122070312,861408,207205302272,17.713692,0.0221
2024-12-23 18:30:00+00:00,84.47000122070312,84.95999908447266,84.44000244140625,84.94000244140625,1347839,207205302272,17.713692,0.0221
2024-12-23 19:30:00+00:00,84.94000244140625,85.125,84.88999938964844,85.125,1481638,207205302272,17.713692,0.0221
2024-12-23 20:30:00+00:00,85.12000274658203,85.30999755859375,85.01000213623047,85.1500015258789,1740008,207205302272,17.713692,0.0221
2024-12-24 14:30:00+00:00,85.69999694824219,85.87000274658203,85.12999725341797,85.5,1620158,207205302272,17.713692,0.0221
2024-12-24 15:30:00+00:00,85.5,85.58999633789062,85.37999725341797,85.48819732666016,1058336,207205302272,17.713692,0.0221
2024-12-24 16:30:00+00:00,85.4800033569336,85.75,85.0,85.59500122070312,1614875,207205302272,17.713692,0.0221
2024-12-26 14:30:00+00:00,85.72000122070312,87.2699966430664,85.55999755859375,86.24876403808594,3259160,207205302272,17.713692,0.0221
2024-12-26 15:30:00+00:00,86.23999786376953,86.47000122070312,86.12999725341797,86.2300033569336,938858,207205302272,17.713692,0.0221
2024-12-26 16:30:00+00:00,86.22000122070312,86.29499816894531,86.12000274658203,86.25499725341797,681670,207205302272,17.713692,0.0221
2024-12-26 17:30:00+00:00,86.25,86.27010345458984,86.00499725341797,86.07499694824219,995283,207205302272,17.713692,0.0221
2024-12-26 18:30:00+00:00,86.07990264892578,86.1500015258789,85.95999908447266,86.05999755859375,530780,207205302272,17.713692,0.0221
2024-12-26 19:30:00+00:00,86.06999969482422,86.2300033569336,86.04000091552734,86.21499633789062,587672,207205302272,17.713692,0.0221
2024-12-26 20:30:00+00:00,86.22000122070312,86.27999877929688,86.02999877929688,86.0999984741211,1171419,207205302272,17.713692,0.0221
2024-12-27 14:30:00+00:00,84.88999938964844,84.95999908447266,84.29010009765625,84.72000122070312,2842228,207205302272,17.713692,0.0221
2024-12-27 15:30:00+00:00,84.72000122070312,85.08499908447266,84.66999816894531,85.04869842529297,1636104,207205302272,17.713692,0.0221
2024-12-27 16:30:00+00:00,85.04000091552734,85.26000213623047,84.80999755859375,84.95259857177734,890359,207205302272,17.713692,0.0221
2024-12-27 17:30:00+00:00,84.95010375976562,85.0999984741211,84.95010375976562,85.04499816894531,557303,207205302272,17.713692,0.0221
2024-12-27 18:30:00+00:00,85.04000091552734,85.23999786376953,85.02010345458984,85.12030029296875,556886,207205302272,17.713692,0.0221
2024-12-27 19:30:00+00:00,85.12000274658203,85.2699966430664,84.98999786376953,85.0199966430664,776792,207205302272,17.713692,0.0221
2024-12-27 20:30:00+00:00,85.01000213623047,85.11000061035156,84.94000244140625,85.06999969482422,991937,207205302272,17.713692,0.0221
2024-12-30 14:30:00+00:00,84.16999816894531,84.20989990234375,83.62000274658203,83.62999725341797,3049950,207205302272,17.713692,0.0221
2024-12-30 15:30:00+00:00,83.62000274658203,84.08000183105469,83.52999877929688,83.93000030517578,1874913,207205302272,17.713692,0.0221
2024-12-30 16:30:00+00:00,83.92500305175781,83.98999786376953,83.72000122070312,83.97000122070312,757208,207205302272,17.713692,0.0221
2024-12-30 17:30:00+00:00,83.97000122070312,84.13700103759766,83.88500213623047,84.01000213623047,941511,207205302272,17.713692,0.0221
2024-12-30 18:30:00+00:00,84.00499725341797,84.94999694824219,83.9800033569336,84.26000213623047,1614552,207205302272,17.713692,0.0221
2024-12-30 19:30:00+00:00,84.26000213623047,84.48999786376953,84.23999786376953,84.33100128173828,814003,207205302272,17.713692,0.0221
2024-12-30 20:30:00+00:00,84.33999633789062,84.3949966430664,84.06999969482422,84.13999938964844,967314,207205302272,17.713692,0.0221
2024-12-31 14:30:00+00:00,84.41999816894531,85.34989929199219,84.41999816894531,85.2300033569336,2294425,207205302272,17.713692,0.0221
2024-12-31 15:30:00+00:00,85.23500061035156,85.30000305175781,84.77999877929688,84.83000183105469,956283,207205302272,17.713692,0.0221
2024-12-31 16:30:00+00:00,84.83000183105469,85.0,84.6500015258789,84.7750015258789,807209,207205302272,17.713692,0.0221
2024-12-31 17:30:00+00:00,84.7699966430664,84.94999694824219,84.65290069580078,84.69999694824219,693548,207205302272,17.713692,0.0221
2024-12-31 18:30:00+00:00,84.69999694824219,84.91000366210938,84.66000366210938,84.75,626353,207205302272,17.713692,0.0221
2024-12-31 19:30:00+00:00,84.74500274658203,84.94000244140625,84.68109893798828,84.90499877929688,733843,207205302272,17.713692,0.0221
2024-12-31 20:30:00+00:00,84.9000015258789,85.0,84.7300033569336,84.80000305175781,837180,207205302272,17.713692,0.0221
2025-01-02 14:30:00+00:00,84.38999938964844,84.95999908447266,84.19999694824219,84.66000366210938,2796479,207205302272,17.713692,0.0221
2025-01-02 15:30:00+00:00,84.66000366210938,85.43000030517578,84.61000061035156,85.0,1899505,207205302272,17.713692,0.0221
2025-01-02 16:30:00+00:00,85.0,85.25,84.8499984741211,84.8550033569336,929912,207205302272,17.713692,0.0221
2025-01-02 17:30:00+00:00,84.8499984741211,85.0238037109375,84.7300033569336,84.87999725341797,926172,207205302272,17.713692,0.0221
2025-01-02 18:30:00+00:00,84.87999725341797,84.88500213623047,84.68000030517578,84.75499725341797,780605,207205302272,17.713692,0.0221
2025-01-02 19:30:00+00:00,84.75499725341797,84.98999786376953,84.66500091552734,84.88999938964844,998514,207205302272,17.713692,0.0221
2025-01-02 20:30:00+00:00,84.88999938964844,85.04000091552734,84.81999969482422,84.94999694824219,1325917,207205302272,17.713692,0.0221
2025-01-03 14:30:00+00:00,85.0999984741211,85.46499633789062,84.76000213623047,84.95999908447266,2430162,207205302272,17.713692,0.0221
2025-01-03 15:30:00+00:00,84.94999694824219,85.41000366210938,84.91999816894531,85.4000015258789,964376,207205302272,17.713692,0.0221
2025-01-03 16:30:00+00:00,85.4000015258789,85.43000030517578,85.1500015258789,85.16999816894531,788947,207205302272,17.713692,0.0221
2025-01-03 17:30:00+00:00,85.15499877929688,85.2699966430664,85.08999633789062,85.2500991821289,567010,207205302272,17.713692,0.0221
2025-01-03 18:30:00+00:00,85.26000213623047,85.28890228271484,85.06999969482422,85.1500015258789,1074301,207205302272,17.713692,0.0221
2025-01-03 19:30:00+00:00,85.1500015258789,85.4000015258789,85.13999938964844,85.36000061035156,589409,207205302272,17.713692,0.0221
2025-01-03 20:30:00+00:00,85.3499984741211,85.55000305175781,85.26499938964844,85.52999877929688,993784,207205302272,17.713692,0.0221
2025-01-06 14:30:00+00:00,86.55000305175781,87.36009979248047,86.06410217285156,87.2699966430664,4768430,207205302272,17.713692,0.0221
2025-01-06 15:30:00+00:00,87.26499938964844,87.26499938964844,85.87000274658203,86.22000122070312,3346329,207205302272,17.713692,0.0221
2025-01-06 16:30:00+00:00,86.22000122070312,86.2698974609375,85.70999908447266,85.7876968383789,1120160,207205302272,17.713692,0.0221
2025-01-06 17:30:00+00:00,85.77999877929688,85.77999877929688,85.08000183105469,85.41000366210938,1334018,207205302272,17.713692,0.0221
2025-01-06 18:30:00+00:00,85.41999816894531,85.625,85.37000274658203,85.54000091552734,742697,207205302272,17.713692,0.0221
2025-01-06 19:30:00+00:00,85.5199966430664,85.6050033569336,85.43000030517578,85.53500366210938,599154,207205302272,17.713692,0.0221
2025-01-06 20:30:00+00:00,85.53500366210938,85.62999725341797,85.41000366210938,85.55000305175781,1197414,207205302272,17.713692,0.0221
2025-01-07 14:30:00+00:00,84.30500030517578,85.0999984741211,83.77999877929688,85.0,3718074,207205302272,17.713692,0.0221
2025-01-07 15:30:00+00:00,84.9800033569336,85.11000061035156,84.77999877929688,85.0199966430664,1650416,207205302272,17.713692,0.0221
2025-01-07 16:30:00+00:00,85.01499938964844,85.07499694824219,84.63999938964844,84.69499969482422,1004048,207205302272,17.713692,0.0221
2025-01-07 17:30:00+00:00,84.69000244140625,84.75,84.54000091552734,84.61499786376953,627990,207205302272,17.713692,0.0221
2025-01-07 18:30:00+00:00,84.61000061035156,84.69999694824219,84.45999908447266,84.69499969482422,533188,207205302272,17.713692,0.0221
2025-01-07 19:30:00+00:00,84.69000244140625,84.69000244140625,84.2699966430664,84.30500030517578,663153,207205302272,17.713692,0.0221
2025-01-07 20:30:00+00:00,84.30500030517578,84.51000213623047,84.19999694824219,84.47000122070312,1207282,207205302272,17.713692,0.0221
2025-01-08 14:30:00+00:00,83.08999633789062,83.3499984741211,82.72000122070312,83.12999725341797,3284632,207205302272,17.713692,0.0221
2025-01-08 15:30:00+00:00,83.12999725341797,83.58000183105469,83.12000274658203,83.41999816894531,1421685,207205302272,17.713692,0.0221
2025-01-08 16:30:00+00:00,83.41999816894531,83.69999694824219,83.4000015258789,83.4000015258789,1032029,207205302272,17.713692,0.0221
2025-01-08 17:30:00+00:00,83.4000015258789,83.61000061035156,83.29000091552734,83.55000305175781,797260,207205302272,17.713692,0.0221
2025-01-08 18:30:00+00:00,83.54499816894531,83.79000091552734,83.43499755859375,83.74500274658203,556547,207205302272,17.713692,0.0221
2025-01-08 19:30:00+00:00,83.73999786376953,83.73999786376953,83.56999969482422,83.6500015258789,679564,207205302272,17.713692,0.0221
2025-01-08 20:30:00+00:00,83.6500015258789,83.79000091552734,83.62999725341797,83.68000030517578,928978,207205302272,17.713692,0.0221
2025-01-10 14:30:00+00:00,82.25,82.25,81.11000061035156,81.54000091552734,4920329,207205302272,17.713692,0.0221
2025-01-10 15:30:00+00:00,81.52999877929688,81.58000183105469,81.04499816894531,81.12999725341797,1716537,207205302272,17.713692,0.0221
2025-01-10 16:30:00+00:00,81.12999725341797,81.22000122070312,80.69000244140625,80.8499984741211,1787034,207205302272,17.713692,0.0221
2025-01-10 17:30:00+00:00,80.84500122070312,81.01000213623047,80.76000213623047,80.91000366210938,1160210,207205302272,17.713692,0.0221
2025-01-10 18:30:00+00:00,80.91000366210938,81.16500091552734,80.86329650878906,81.0250015258789,1096289,207205302272,17.713692,0.0221
2025-01-10 19:30:00+00:00,81.02999877929688,81.06999969482422,80.625,80.68000030517578,1094520,207205302272,17.713692,0.0221
2025-01-10 20:30:00+00:00,80.66999816894531,80.69000244140625,80.4000015258789,80.54000091552734,2195877,207205302272,17.713692,0.0221
2025-01-13 14:30:00+00:00,80.1500015258789,81.08000183105469,80.05999755859375,80.55000305175781,3059159,207205302272,17.713692,0.0221
2025-01-13 15:30:00+00:00,80.54239654541016,80.94999694824219,80.54239654541016,80.66500091552734,964166,207205302272,17.713692,0.0221
2025-01-13 16:30:00+00:00,80.66000366210938,80.68000030517578,80.3499984741211,80.42009735107422,722972,207205302272,17.713692,0.0221
2025-01-13 17:30:00+00:00,80.41999816894531,80.78500366210938,80.38999938964844,80.71499633789062,540684,207205302272,17.713692,0.0221
2025-01-13 18:30:00+00:00,80.71499633789062,81.0,80.62999725341797,80.78119659423828,875171,207205302272,17.713692,0.0221
2025-01-13 19:30:00+00:00,80.78500366210938,80.87000274658203,80.63020324707031,80.69000244140625,795326,207205302272,17.713692,0.0221
2025-01-13 20:30:00+00:00,80.68000030517578,80.76000213623047,80.5199966430664,80.55999755859375,1083846,207205302272,17.713692,0.0221
2025-01-14 14:30:00+00:00,82.38999938964844,82.6500015258789,81.55999755859375,81.875,2930701,207205302272,17.713692,0.0221
2025-01-14 15:30:00+00:00,81.87000274658203,82.0999984741211,81.62999725341797,81.73999786376953,1244240,207205302272,17.713692,0.0221
2025-01-14 16:30:00+00:00,81.73999786376953,81.8988037109375,81.69000244140625,81.8499984741211,543632,207205302272,17.713692,0.0221
2025-01-14 17:30:00+00:00,81.83999633789062,81.94999694824219,81.66999816894531,81.73999786376953,529531,207205302272,17.713692,0.0221
2025-01-14 18:30:00+00:00,81.73999786376953,81.97850036621094,81.66999816894531,81.91000366210938,731456,207205302272,17.713692,0.0221
2025-01-14 19:30:00+00:00,81.91999816894531,81.95999908447266,81.48999786376953,81.66000366210938,874764,207205302272,17.713692,0.0221
2025-01-14 20:30:00+00:00,81.66999816894531,81.72000122070312,81.54000091552734,81.69000244140625,868870,207205302272,17.713692,0.0221
2025-01-15 14:30:00+00:00,82.62999725341797,82.76499938964844,82.1500015258789,82.7300033569336,2050458,207205302272,17.713692,0.0221
2025-01-15 15:30:00+00:00,82.72000122070312,82.79000091552734,82.4000015258789,82.45500183105469,1079007,207205302272,17.713692,0.0221
2025-01-15 16:30:00+00:00,82.44999694824219,82.5,82.30000305175781,82.3949966430664,623740,207205302272,17.713692,0.0221
2025-01-15 17:30:00+00:00,82.38999938964844,82.58000183105469,82.38999938964844,82.51000213623047,591911,207205302272,17.713692,0.0221
2025-01-15 18:30:00+00:00,82.51000213623047,82.62999725341797,82.4749984741211,82.61499786376953,1335558,207205302272,17.713692,0.0221
2025-01-15 19:30:00+00:00,82.61869812011719,82.68000030517578,82.52999877929688,82.5376968383789,1577447,207205302272,17.713692,0.0221
2025-01-15 20:30:00+00:00,82.52999877929688,82.56999969482422,82.3499984741211,82.44000244140625,1289560,207205302272,17.713692,0.0221
2025-01-16 14:30:00+00:00,82.0199966430664,82.12999725341797,81.81999969482422,81.94499969482422,2022179,207205302272,17.713692,0.0221
2025-01-16 15:30:00+00:00,81.94499969482422,82.22000122070312,81.90499877929688,82.16999816894531,1200426,207205302272,17.713692,0.0221
2025-01-16 16:30:00+00:00,82.16000366210938,82.58000183105469,82.1438980102539,82.55999755859375,1358530,207205302272,17.713692,0.0221
2025-01-16 17:30:00+00:00,82.55000305175781,82.58999633789062,82.38999938964844,82.43000030517578,538694,207205302272,17.713692,0.0221
2025-01-16 18:30:00+00:00,82.42500305175781,82.43499755859375,82.29000091552734,82.36499786376953,522795,207205302272,17.713692,0.0221
2025-01-16 19:30:00+00:00,82.36000061035156,82.44999694824219,82.29000091552734,82.3499984741211,485240,207205302272,17.713692,0.0221
2025-01-16 20:30:00+00:00,82.3499984741211,82.48500061035156,82.33499908447266,82.43000030517578,831433,207205302272,17.713692,0.0221
2025-01-17 14:30:00+00:00,83.19999694824219,85.58999633789062,83.02999877929688,84.80000305175781,8005232,207205302272,17.713692,0.0221
2025-01-17 15:30:00+00:00,84.80000305175781,85.22000122070312,84.6500015258789,84.69499969482422,2526488,207205302272,17.713692,0.0221
2025-01-17 16:30:00+00:00,84.69499969482422,84.91000366210938,84.58999633789062,84.80999755859375,1406177,207205302272,17.713692,0.0221
2025-01-17 17:30:00+00:00,84.80999755859375,84.86990356445312,84.56999969482422,84.6603012084961,1155074,207205302272,17.713692,0.0221
2025-01-17 18:30:00+00:00,84.66000366210938,85.22000122070312,84.55000305175781,85.1852035522461,1806573,207205302272,17.713692,0.0221
2025-01-17 19:30:00+00:00,85.18499755859375,85.44000244140625,85.01000213623047,85.04000091552734,2162710,207205302272,17.713692,0.0221
2025-01-17 20:30:00+00:00,85.02999877929688,85.25499725341797,84.97000122070312,85.11000061035156,2571544,207205302272,17.713692,0.0221
2025-01-21 14:30:00+00:00,86.87000274658203,86.9000015258789,84.94999694824219,85.23999786376953,5063483,207205302272,17.713692,0.0221
2025-01-21 15:30:00+00:00,85.2300033569336,85.60749816894531,84.91999816894531,85.56289672851562,2812229,207205302272,17.713692,0.0221
2025-01-21 16:30:00+00:00,85.56999969482422,85.70999908447266,85.46399688720703,85.66000366210938,1091973,207205302272,17.713692,0.0221
2025-01-21 17:30:00+00:00,85.66500091552734,85.67919921875,85.50499725341797,85.66999816894531,655842,207205302272,17.713692,0.0221
2025-01-21 18:30:00+00:00,85.67500305175781,85.67500305175781,85.3499984741211,85.43000030517578,1090468,207205302272,17.713692,0.0221
2025-01-21 19:30:00+00:00,85.41999816894531,85.58999633789062,85.38999938964844,85.55500030517578,781280,207205302272,17.713692,0.0221
2025-01-21 20:30:00+00:00,85.55500030517578,85.62000274658203,85.37999725341797,85.4000015258789,1549544,207205302272,17.713692,0.0221
