Price,Close,High,Low,Open,Volume
Ticker,HSBC,HSBC,HSBC,HSBC,HSBC
Date,,,,,
2023-01-03,26.771102905273438,26.991162755651935,26.669537813928297,26.821887065294028,2033300
2023-01-04,27.659807205200195,27.735981833283827,27.490529895159227,27.60902304357906,2680100
2023-01-05,28.57390022277832,28.700859015634496,28.23534882298889,28.27766734437554,4549400
2023-01-06,29.039413452148438,29.064803919073334,28.4977254044131,28.59082808806599,2431800
2023-01-09,28.912456512451172,29.107124304971528,28.912456512451172,28.980168733517246,1903800
2023-01-10,29.107120513916016,29.12404856697774,28.92091515893302,29.064801995609695,1531600
2023-01-11,29.284860610961914,29.344107183104693,29.22561403881913,29.26793578637486,1409800
2023-01-12,29.97889518737793,30.139710082090655,29.801155467775946,30.080463508889995,2882600
2023-01-13,30.596759796142578,30.639078318459564,30.190492941549905,30.224349050882008,3153400
2023-01-17,30.723716735839844,30.93531258557524,30.55443941031224,30.892994061367446,2010900
2023-01-18,30.622148513793945,31.019949703971843,30.622148513793945,30.935309435478615,2902300
2023-01-19,30.799890518188477,30.825280986270922,30.368236417305177,30.368236417305177,2288600
2023-01-20,31.180761337280273,31.189223749772374,30.816816254894007,30.86760041593492,1985200
2023-01-23,31.163835525512695,31.163835525512695,30.969167737229046,30.986095792127145,2103000
2023-01-24,31.053804397583008,31.138444671022956,30.81681808934375,30.909920775779543,1779200
2023-01-25,31.38389778137207,31.434678718617363,31.09612729842855,31.104589711737294,2121000
2023-01-26,31.72244644165039,31.73937449549152,31.358501355806396,31.47699450399818,1537300
2023-01-27,31.443140029907227,31.612414102339027,31.35003735285215,31.50238660099755,1817500
2023-01-30,31.36696434020996,31.587022564112885,31.366964340209957,31.426210909287512,1641500
2023-01-31,31.26540184020996,31.27386748233589,31.00302505084241,31.12151821103375,1833400
2023-02-01,31.26540184020996,31.443144809193434,31.01995310639781,31.079199686493478,3349700
2023-02-02,30.664470672607422,30.91838505082659,30.5290494556441,30.91838505082659,2479500
2023-02-03,30.46133804321289,30.732180455637604,30.42748193448574,30.545975086334526,2246400
2023-02-06,30.402090072631836,30.402090072631836,30.16510375463781,30.266668858250043,1884300
2023-02-07,30.876062393188477,30.96916507276969,30.596757583140896,30.613682407886518,2097700
2023-02-08,31.189226150512695,31.30772253539589,31.15537326924242,31.231547902319154,1965800
2023-02-09,31.510852813720703,31.925582090070186,31.493924758696604,31.89172598002199,2354300
2023-02-10,31.189226150512695,31.290794480412575,31.10458910429248,31.27386642542926,1930000
2023-02-13,31.544708251953125,31.57009871960034,31.358502879350077,31.366968521030014,1089000
2023-02-14,31.502389907836914,31.561636485146416,31.155372857011415,31.172300911770744,1525500
2023-02-15,31.21462059020996,31.223083003554837,30.99455909888602,31.028415209658384,1491800
2023-02-16,31.40082359313965,31.553172867048072,31.206155793966996,31.206155793966996,1749900
2023-02-17,31.603954315185547,31.654738478350747,31.333111902363623,31.392358478374902,2052200
2023-02-21,33.042808532714844,33.54217486517003,33.00049000868232,33.186692160164704,4068200
2023-02-22,32.39109420776367,32.66193664668515,32.36570373808245,32.55190589690563,2996600
2023-02-23,32.145633697509766,32.272592469576324,31.97635641098625,32.16256174903169,2433200
2023-02-24,32.17949676513672,32.23874334393828,32.01868508391766,32.03560991040692,1695600
2023-02-27,32.145633697509766,32.331839035555205,32.11177759446592,32.22180831501056,2037100
2023-02-28,32.424949645996094,32.66193596795355,32.408021590328204,32.65347355446785,2455800
2023-03-01,32.45880126953125,32.611150535936005,32.365701810014,32.48419496639628,3010800
2023-03-02,32.258113861083984,32.310464632320105,31.952719938672644,32.18830839475871,2147900
2023-03-03,32.49370193481445,32.502425953748535,32.179583997062615,32.20575938237267,1649300
2023-03-06,32.45880889892578,32.52861105677481,32.153414888873506,32.179593610512086,1588000
2023-03-07,32.29301452636719,32.71184068365299,32.17085828403715,32.70311333576772,2364200
2023-03-08,32.58095932006836,32.86889857830908,32.45007572090827,32.63331342543403,1990700
2023-03-09,32.039981842041016,32.51115550027052,31.961452344251374,32.362823853616945,2448600
2023-03-10,30.809688568115234,31.28958957484117,30.661353593085995,31.010374322618503,5830700
2023-03-13,30.19017219543457,30.55664424074629,29.832427497765536,29.841154845408223,7471500
2023-03-14,30.652626037597656,30.8794871556747,30.443212958327486,30.704976811034218,3802000
2023-03-15,29.48341178894043,29.553213931428104,28.71556825052767,28.733019618276604,8781700
2023-03-16,30.09419822692871,30.09419822692871,29.04713939611073,29.04713939611073,4600400
2023-03-17,28.86390495300293,29.13439284815513,28.6544918558935,28.881352993296144,3440100
2023-03-20,29.012237548828125,29.20419928344681,28.706846906033284,28.733022295841877,3593200
2023-03-21,29.605571746826172,29.92841376939145,29.544493616300535,29.65792585663749,2954300
2023-03-22,29.928409576416016,30.4955673701334,29.928409576416016,30.4955673701334,3846800
2023-03-23,29.212921142578125,29.85860844765573,28.9947840342896,29.7190008314914,3164000
2023-03-24,28.86390495300293,28.86390495300293,28.27929574793245,28.47125747624041,3583900
2023-03-27,29.352527618408203,29.361254966365237,29.055861029520866,29.151841886000298,2071800
2023-03-28,29.19546890258789,29.33507651458292,29.012234535939672,29.073312658155743,1620200
2023-03-29,29.858610153198242,29.972039059461558,29.727726549345725,29.841158784117354,2183500
2023-03-30,29.919689178466797,30.155277675365166,29.876062418709708,30.155277675365166,1263000
2023-03-31,29.780080795288086,29.858610292263684,29.657924539661234,29.780080795288086,1716500
2023-04-03,30.294885635375977,30.46066865567135,30.155278005519758,30.277434265580393,1168000
2023-04-04,30.23380470275879,30.51301993658878,30.015667593297348,30.486841220067873,1297900
2023-04-05,30.26870346069336,30.32105756410292,30.024390968464896,30.155274562734757,1184100
2023-04-06,30.696256637573242,30.800961526072847,30.38213864356604,30.3908659925709,1420300
2023-04-10,30.652626037597656,30.84458442104501,30.54791783370858,30.73987954566391,1226900
2023-04-11,30.530473709106445,30.626451248881075,30.469392251419457,30.495570970001996,1291800
2023-04-12,30.617727279663086,30.81841303708734,30.556649150382157,30.75733490780641,2040400
2023-04-13,31.123798370361328,31.167428451121125,30.86203452834174,30.975466747003104,1259600
2023-04-14,31.70840835571289,32.013798958209016,31.63860288742353,31.874191350138226,2247500
2023-04-17,31.481548309326172,31.490272328904485,31.062722142390193,31.219781122864177,2079200
2023-04-18,31.237234115600586,31.394293104245335,31.149980601246046,31.333214978495512,1957000
2023-04-19,31.298311233520508,31.35066533755232,31.106352842420083,31.141252249933185,1757900
2023-04-20,31.350664138793945,31.40301824082389,31.16742977445112,31.16742977445112,1118300
2023-04-21,31.141250610351562,31.176153344535145,30.800957273331445,30.958016248649642,1393300
2023-04-24,31.280860900878906,31.376841763860057,31.149980629229518,31.219782775074215,1704000
2023-04-25,30.478116989135742,30.827137693259917,30.4432142530217,30.774783589088855,2377800
2023-04-26,31.01909637451172,31.298311609014984,30.91439149370003,30.99292098643583,3571400
2023-04-27,31.6124324798584,31.638607870335427,31.324493199085715,31.36811995938358,2536400
2023-04-28,31.45536994934082,31.533899440465994,31.106352577624115,31.132527965163145,1763700
2023-05-01,31.26341438293457,31.699688633356708,31.245963013496677,31.62115913514039,1172400
2023-05-02,32.345367431640625,33.01723006811037,32.13595768925214,32.929976563533145,2854800
2023-05-03,32.33664321899414,32.78164141528645,32.30174048596906,32.64203381169398,2890500
2023-05-04,32.31919479370117,32.7641930304907,32.03997956110615,32.65076080209018,2912400
2023-05-05,33.33135223388672,33.45350848717738,32.79909713439888,32.86017526104421,2833500
2023-05-08,33.3226203918457,33.54075748002395,33.28772098740313,33.3226203918457,1855600
2023-05-09,33.13938522338867,33.217914706346065,32.91252412179383,32.94742352537999,1620600
2023-05-10,33.2528190612793,33.49713154084428,33.008506581714315,33.49713154084428,1620500
2023-05-11,33.111358642578125,33.173248761482725,32.68696781033578,32.793064675206736,1722000
2023-05-12,33.15556716918945,33.42965440531456,33.049470298620484,33.350080909198155,1141100
2023-05-15,33.98666763305664,34.119291259139594,33.73910712864465,33.8098406286246,1656800
2023-05-16,33.456172943115234,33.84519699413396,33.41196620116555,33.739100138903076,1400000
2023-05-17,33.57111358642578,33.72141718546901,33.34123312902545,33.47385672927628,1278400
2023-05-18,33.81867599487305,33.951299602779855,33.57995552429587,33.951299602779855,1735600
2023-05-19,33.88056945800781,34.039716454107456,33.66837571171414,33.933619580960624,1184800
2023-05-22,34.06623840332031,34.12812852446204,33.93361816062745,34.03087502892407,1070100
2023-05-23,33.73910140991211,34.075078732351336,33.73026141029244,33.880565013135204,1297800
2023-05-24,32.89032745361328,33.07599784371031,32.79307057134557,33.014107713677966,2413900
2023-05-25,33.226295471191406,33.35007569630043,32.99641501933907,33.30586558211162,1834600
2023-05-26,33.4384880065918,33.55342822848742,33.323547784696174,33.38543789508042,1267000
2023-05-30,33.08483123779297,33.29702833606677,32.89032088486365,33.25282159098094,1225800
2023-05-31,32.554344177246094,32.695807787896065,32.39519719367006,32.67812441497,1714700
2023-06-01,33.08483123779297,33.16440472805083,32.70465053184811,32.70465053184811,1628700
2023-06-02,33.4384880065918,33.49153811810317,33.34123115519997,33.42964800771893,1331700
2023-06-05,33.35892105102539,33.56227479245984,33.21745743208148,33.52690804453418,1090700
2023-06-06,33.774471282958984,33.774471282958984,33.33239706033585,33.37660380804643,1198300
2023-06-07,33.933616638183594,34.11928699327862,33.8628831470473,34.11928699327862,1584500
2023-06-08,33.99551010131836,34.048556852131284,33.783312979790196,33.99551010131836,1066800
2023-06-09,33.99551010131836,34.01319347584228,33.765629605266284,33.800996354314115,828100
2023-06-12,33.677215576171875,33.80983919663766,33.51806858071644,33.765629074643215,1236400
2023-06-13,34.00434875488281,34.19886249418005,33.89825188470191,33.915935258525174,1587100
2023-06-14,34.17233657836914,34.605567400163615,34.08391971582852,34.384530302949734,1912500
2023-06-15,34.52599334716797,34.552520091876744,34.287272881339284,34.340322997998456,1696000
2023-06-16,34.640933990478516,34.77355759731795,34.53483712866203,34.640933990478516,1701400
2023-06-20,34.80892562866211,34.85313237927294,34.6055718776452,34.826609003458216,1260800
2023-06-21,34.85313034057617,34.91502383512159,34.63209322769248,34.64977660145422,1151000
2023-06-22,34.216548919677734,34.39337930092269,34.172342167556245,34.331489173400804,1427000
2023-06-23,33.80099105834961,34.03087151838385,33.739100943592305,33.83635780185615,1296600
2023-06-26,34.01319122314453,34.16349483750495,33.95130110278923,33.95130110278923,945800
2023-06-27,34.49062728881836,34.54367740653281,34.19001670062007,34.30495693595548,1164600
2023-06-28,34.39337158203125,34.43757832423144,34.26958798200919,34.36684483850455,1174400
2023-06-29,34.67630386352539,34.720510612207,34.37569325062824,34.38453325126107,1141000
2023-06-30,35.02995300292969,35.22446669877978,35.00342963449847,35.14489322072819,1801300
2023-07-03,35.32173156738281,35.410145064068644,35.153741201817546,35.215634696808074,1284300
2023-07-05,34.985755920410156,35.11837954468516,34.941549169904775,35.05648941942586,1510300
2023-07-06,34.481788635253906,34.66745899536629,34.287274902131266,34.64093562185269,1328100
2023-07-07,34.72050857543945,34.88849555967863,34.47294809913781,34.481788099252064,1403400
2023-07-10,34.56135940551758,34.69398300815355,34.437579175195104,34.472945918932474,1309100
2023-07-11,34.52599334716797,34.56136009160741,34.35800637021818,34.49062660272852,1272700
2023-07-12,35.44551086425781,35.55160773199619,35.18026700853255,35.2509971294386,1920100
2023-07-13,35.85221481323242,35.887581556591115,35.67538446919724,35.79916807095267,1500300
2023-07-14,35.68423080444336,35.922951282799175,35.60465731165809,35.86106116316159,1255200
2023-07-17,36.01136779785156,36.02905117248323,35.83453742429374,35.869904173557075,1399600
2023-07-18,36.21471405029297,36.267764163206245,35.816846635338756,35.84337337817447,1689400
2023-07-19,36.064414978027344,36.170511844398455,35.967158111871086,36.05557160505392,1564900
2023-07-20,36.6037483215332,36.65679507162328,36.40039120365864,36.48880807507341,1506400
2023-07-21,36.57721710205078,36.7628908229432,36.56837710236942,36.7628908229432,1102400
2023-07-24,36.57721710205078,36.67447396233767,36.33849663755342,36.33849663755342,1082900
2023-07-25,36.7275276184082,36.84246448913516,36.647954122573324,36.73636761894155,1331400
2023-07-26,37.05466079711914,37.17844103844851,36.745210193795714,36.745210193795714,1500900
2023-07-27,36.44459915161133,36.762893124198804,36.42691577838329,36.6656362578239,1661600
2023-07-28,36.895511627197266,36.99276848899323,36.7982547654013,36.948561744383724,1221700
2023-07-31,36.93972396850586,37.17844447287558,36.842467091974605,37.09003097026114,1429000
2023-08-01,37.31990432739258,37.549784807361796,37.00161035374818,37.28453758081907,2126700
2023-08-02,35.94947052001953,36.38270468039603,35.8345302941632,36.32965456705661,2322700
2023-08-03,36.24124526977539,36.25892527017223,35.84337780567518,35.92295129849522,1686200
2023-08-04,36.064414978027344,36.33849883054926,35.97599811208594,36.099781724403904,1677900
2023-08-07,36.709842681884766,36.73636605511442,36.373865339022046,36.603745816207585,1948400
2023-08-08,36.17051315307617,36.20587990073233,35.701915551287506,35.92295266500045,1523400
2023-08-09,36.064414978027344,36.276608710769565,35.95831473889766,35.99368148527422,1796400
2023-08-10,36.14497756958008,36.50302382802755,36.055463444007145,36.23448828053826,1511900
2023-08-11,35.903289794921875,36.037555843567596,35.76902033166186,35.804825977146436,1636300
2023-08-14,35.6078987121582,35.634754653858266,35.20509714741488,35.41992419332941,1320900
2023-08-15,34.56956100463867,34.900758127207496,34.53375877120017,34.900758127207496,2943300
2023-08-16,34.005638122558594,34.19361265683437,33.96087935425184,34.059343181143326,2390100
2023-08-17,33.95193099975586,34.3994913837077,33.94297787989257,34.30998067276323,2378900
2023-08-18,33.71024703979492,33.78185833823933,33.405905850635484,33.45066120485591,1987400
2023-08-21,33.79081344604492,33.8176659799477,33.55808351811874,33.72815525719498,1678900
2023-08-22,33.45961380004883,33.74605216010775,33.42380815138781,33.692343687116235,2130000
2023-08-23,33.66549301147461,33.71919807280842,33.423809991628126,33.459615642260516,1333000
2023-08-24,33.611785888671875,33.90717739635885,33.611785888671875,33.71024972456753,1136200
2023-08-25,33.57597732543945,33.83556315854553,33.3969559098218,33.80871062912581,1403400
2023-08-28,33.978782653808594,34.03249112775899,33.737099642953794,33.75500246760393,1140500
2023-08-29,34.20256423950195,34.20256423950195,33.916125862608766,33.9250789826075,1503800
2023-08-30,34.02354049682617,34.4442483703409,34.0145907911538,34.2741766456465,1667800
2023-08-31,33.405906677246094,33.80871170442646,33.361151321918214,33.79080887937236,2543100
2023-09-01,33.611785888671875,33.82661638650012,33.558080825176006,33.6923468985306,1519000
2023-09-05,33.31639862060547,33.79976127711229,33.31639862060547,33.692347732845775,1501700
2023-09-06,33.1015625,33.2716342007781,33.012051797404034,33.1015625,1655200
2023-09-07,33.00310516357422,33.29849668649209,32.99415545740175,33.20003284551947,1789700
2023-09-08,33.09261703491211,33.119469566207954,32.80617865237355,32.87778654070076,1665200
2023-09-11,33.54017639160156,33.629687102881164,33.42380973524628,33.46856509088608,1911500
2023-09-12,33.92507553100586,34.11305005647685,33.62968406416763,33.638637183255454,3020400
2023-09-13,34.497955322265625,34.8291490513323,34.471099377206606,34.65907733416071,2449900
2023-09-14,35.240901947021484,35.38412112627379,35.142438121045295,35.160340945278655,2556000
2023-09-15,35.151390075683594,35.47363407197695,35.151390075683594,35.25880360290989,2105400
2023-09-18,34.9276123046875,35.06187836930258,34.766490295457636,35.052928664174125,1618700
2023-09-19,35.3125114440918,35.33041426741266,35.160339153171684,35.22299732748749,1332900
2023-09-20,35.00817108154297,35.57209807796177,34.990268257810605,35.36621731234682,1629500
2023-09-21,35.14244079589844,35.48258765299327,35.133491090407844,35.37517411403195,1513400
2023-09-22,35.3930778503418,35.849587963635194,35.32146654611503,35.849587963635194,2023500
2023-09-25,35.28565979003906,35.32146544103222,34.95446605488946,35.097685244247245,1677500
2023-09-26,34.88285446166992,35.231950985229155,34.82914599088602,35.05292616389727,1123500
2023-09-27,35.05292892456055,35.079781454760095,34.79334308391583,35.07083174956516,1314200
2023-09-28,35.51839065551758,35.59895165738471,35.16034099952711,35.17824382378809,1577700
2023-09-29,35.32146453857422,35.76902492070906,35.27670918328368,35.74217239045768,1376100
2023-10-02,34.9276123046875,35.312514502890544,34.82019877007249,35.28565855827576,2230400
2023-10-03,35.196144104003906,35.49153556103677,35.02607240773956,35.45572991510291,3028800
2023-10-04,35.18719482421875,35.2588027023358,34.83809489407461,35.24089987915294,1748900
2023-10-05,35.6078987121582,35.6437043580154,35.061874563986095,35.07082768275756,2021700
2023-10-06,36.23448944091797,36.324003569357515,35.67951550305221,35.831684399477155,2522100
2023-10-09,35.590003967285156,35.69742092923776,35.33937121862596,35.41098252659436,1699400
2023-10-10,36.27924346923828,36.3687575943997,36.12707457838596,36.29714629427057,2378800
2023-10-11,36.54777908325195,36.64623948999093,36.35980114493437,36.538825964248325,1417300
2023-10-12,36.0733642578125,36.26133878911281,35.9301450794959,36.22553655549458,1243900
2023-10-13,35.58104705810547,36.0017548707144,35.50048606025726,35.804827228282235,2192900
2023-10-16,35.88539123535156,35.939099709958974,35.62580539667111,35.84063588048607,1244000
2023-10-17,35.88539123535156,36.109171424293734,35.62580539667111,35.62580539667111,1343400
2023-10-18,35.509437561035156,35.89433974638032,35.45573250282905,35.849584393003695,1744000
2023-10-19,35.00817108154297,35.27670660829948,34.918656962881144,35.061876138125584,2447200
2023-10-20,33.73710250854492,34.077249376559806,33.67444432425467,33.96088271375722,3502100
2023-10-23,33.73710250854492,33.96983583415009,33.61178613996443,33.692347150425455,1394800
2023-10-24,33.7281494140625,33.8176601213082,33.549124584956495,33.602833058072676,1320500
2023-10-25,33.638641357421875,33.826615906218336,33.57597975987485,33.7281520717207,1551900
2023-10-26,33.37009811401367,33.638637051767645,33.235832059751125,33.51331728732905,2209300
2023-10-27,32.859886169433594,33.30744660240746,32.7524726216121,33.253741535804274,3440700
2023-10-30,32.24224853515625,32.7703698931175,31.597760528257226,32.6987585969667,6728000
2023-10-31,32.51974105834961,32.66296025309156,32.2870077327596,32.5734461222435,3072100
2023-11-01,32.45707321166992,32.582392970733956,32.2422461682173,32.403368158113906,2626100
2023-11-02,33.13737106323242,33.16422359345156,32.85988239738067,32.91359087243367,2263700
2023-11-03,33.5133171081543,33.6117809295224,33.37009793560462,33.45961205258218,2245200
2023-11-06,33.95193099975586,34.166758071868486,33.844517463699546,34.15780836661994,2740100
2023-11-07,33.73710250854492,33.77290816088648,33.495419477161846,33.629688966135205,1836800
2023-11-08,33.64759063720703,33.85346800918092,33.49541832728687,33.71024881934627,1709300
2023-11-09,33.538726806640625,33.9015997716296,33.46615013725519,33.78366787484737,2376700
2023-11-10,33.59315490722656,33.629443240902994,33.230281952400176,33.36635801271783,1582500
2023-11-13,33.94696044921875,34.01046676897599,33.7836698548236,33.95603426374676,2148800
2023-11-14,34.3642692565918,34.43684246927879,34.1556165117281,34.17375721941515,2454600
2023-11-15,34.89950942993164,34.972082641204096,34.78157406838694,34.917653597911304,2422200
2023-11-16,34.50941848754883,34.61828003483601,34.3733389579552,34.3914831259441,1787700
2023-11-17,34.999298095703125,35.02651261538398,34.799715722987706,34.89043309568784,1994400
2023-11-20,35.14445114135742,35.189809831802606,34.908580414008455,34.935794936146316,1591000
2023-11-21,34.99022674560547,35.099088292639436,34.935794241765386,35.02651508149885,1674900
2023-11-22,34.50941848754883,34.563847530869324,34.32798026830606,34.50941848754883,2731700
2023-11-24,35.035587310791016,35.08094600276295,34.75436134417721,34.76343169831305,954800
2023-11-27,35.026512145996094,35.04465631242216,34.82692977595526,34.98115346025388,2095000
2023-11-28,35.00836944580078,35.19887801028457,34.917652070516894,35.044657780172756,2009100
2023-11-29,34.50034713745117,34.63642667676441,34.37334141310359,34.38241522806924,2210700
2023-11-30,34.863224029541016,34.890438553478944,34.67271544068257,34.77250664265028,1563400
2023-12-01,35.071876525878906,35.10816486462268,34.67271518163677,34.68178553599949,1688100
2023-12-04,34.790645599365234,34.917654779520845,34.70899857101693,34.71807238563691,1291400
2023-12-05,34.6454963684082,34.826934597139946,34.6454963684082,34.68178470628383,1331500
2023-12-06,34.94486618041992,35.48010699385703,34.917651660283695,35.31681295174767,2122100
2023-12-07,35.21702194213867,35.21702194213867,34.90857802333012,35.00836921186318,1589900
2023-12-08,35.57082748413086,35.58897165269313,35.33496021411392,35.33496021411392,1911000
2023-12-11,35.38031768798828,35.47103506703234,35.24423815877601,35.27145614100617,1671400
2023-12-12,35.616188049316406,35.625261864398155,35.42567946035755,35.534541016813115,1783000
2023-12-13,35.81576919555664,35.861127887432986,35.26238415698471,35.58897227552856,2052100
2023-12-14,35.96091842651367,36.142356651338275,35.5254687633224,35.63433031395864,2557400
2023-12-15,35.244239807128906,35.60711626156904,35.23516945305876,35.38938969677569,2721900
2023-12-18,35.42567825317383,35.56175778959103,35.37124920712404,35.53453980591977,1096000
2023-12-19,35.743194580078125,35.86112648220615,35.67969172181034,35.75226493383942,1852100
2023-12-20,35.46196365356445,35.91555745652094,35.46196365356445,35.7885517453965,1426700
2023-12-21,36.03349304199219,36.04256339542437,35.87019899504419,35.88834316255465,1216000
2023-12-22,36.53244400024414,36.550588166991716,36.16956758658455,36.16956758658455,1978100
2023-12-26,36.78645706176758,36.877177899570526,36.55966015822938,36.55966015822938,1218500
2023-12-27,36.94974899291992,36.98603732596274,36.83181364085373,36.877175787480205,1273600
2023-12-28,36.759239196777344,36.92253322932175,36.732024678235206,36.786453715319475,1200400
2023-12-29,36.77738571166992,36.868103086368386,36.677594523114,36.82274439901916,1039400
2024-01-02,36.396366119384766,36.541515999257484,36.205857550922964,36.387295765925394,1870400
2024-01-03,36.28750991821289,36.369156953954736,36.12421584672921,36.278439563417855,1730400
2024-01-04,36.5687370300293,36.76831596859136,36.37822498503649,36.396369154114204,1805300
2024-01-05,36.958824157714844,37.11304438781622,36.668520943404786,36.668520943404786,1627700
2024-01-08,37.58478546142578,37.58478546142578,37.12211781156105,37.2128386549886,2133200
2024-01-09,36.81367492675781,37.13118920644656,36.79553075925473,37.085830518011896,2700800
2024-01-10,36.86810302734375,36.92253552846329,36.73202696551391,36.75924148575068,1708700
2024-01-11,35.76133346557617,36.49615666606669,35.64340156945672,36.46894214552313,4935700
2024-01-12,35.72505187988281,36.05163999904902,35.57082817443372,35.924630816648325,2626700
2024-01-16,34.427772521972656,34.60921074680201,34.346125493831764,34.55477824115932,4905300
2024-01-17,34.09211730957031,34.155620175225025,33.79274369092955,33.8743907268637,3026600
2024-01-18,34.37334060668945,34.436843467373436,34.17375820988472,34.36427025258303,2044500
2024-01-19,34.46405792236328,34.48219862871876,34.07396698344627,34.14654019080622,2328400
2024-01-22,34.77250289916992,34.944867299964805,34.69085587549948,34.7362145640617,2245200
2024-01-23,34.863224029541016,34.95394141643176,34.754362473142834,34.836009505603094,1727600
2024-01-24,35.15351867675781,35.48010675881298,35.15351867675781,35.47103294506368,1727100
2024-01-25,35.38031768798828,35.425676377510314,35.16259113337788,35.40753220957226,1541100
2024-01-26,35.96998977661133,36.04256298518101,35.815766084850914,35.979060129940265,1741100
2024-01-29,35.99720764160156,36.00627799577319,35.67061952108085,35.89741644248175,1026100
2024-01-30,36.16050338745117,36.17864755728659,35.915562285642935,35.915562285642935,1286900
2024-01-31,35.679691314697266,36.32379370443323,35.66154714673547,36.26029084689003,2625900
2024-02-01,35.83391189575195,35.94277344392266,35.4347505786952,35.94277344392266,2066000
2024-02-02,35.69783020019531,35.81576555560514,35.49825128409331,35.72504818107205,1942400
2024-02-05,35.68876266479492,35.76133587802219,35.434751227530064,35.68876266479492,1796300
2024-02-06,36.278438568115234,36.46894715940404,36.12421485565773,36.17864736487447,2130300
2024-02-07,36.242149353027344,36.360084723157705,36.06071112066828,36.33286673888365,1970800
2024-02-08,35.607112884521484,35.861124302150834,35.52546586304833,35.76133311361187,1882400
2024-02-09,35.407535552978516,35.407535552978516,35.10816540534772,35.298673995717,1315100
2024-02-12,35.226097106933594,35.34402900640813,35.0083705544528,35.0083705544528,1449800
2024-02-13,35.06280517578125,35.36217531029954,34.87229313310994,35.344031141442926,2257100
2024-02-14,35.643402099609375,35.7250491231005,35.434749364164524,35.57989924363251,1821600
2024-02-15,36.16957092285156,36.1786447373853,35.75226543110311,35.80669793636667,1454000
2024-02-16,36.57780838012695,36.704814106482466,36.378225975484575,36.505235162486585,1823900
2024-02-20,37.05861282348633,37.13118949406084,36.93160711062706,36.94975127827069,1727400
2024-02-21,33.765525817871094,34.14654297402028,33.66573462155213,34.010466901386835,8243300
2024-02-22,34.210044860839844,34.264477364733565,33.87438640511073,33.93788926266363,4341500
2024-02-23,34.654571533203125,34.75436273592537,34.51849199119162,34.62735354841292,2315500
2024-02-26,34.545711517333984,34.65457307941245,34.3279849325304,34.581996397595695,2002800
2024-02-27,34.79971694946289,34.92672265997762,34.7725024288229,34.86321980472025,2930000
2024-02-28,34.91765594482422,35.28960276179138,34.78157640615357,35.207955730718275,4268500
2024-02-29,35.54361343383789,35.661548800736384,35.198881147867255,35.61618664840488,4169100
2024-03-01,35.3621711730957,35.52546521305428,35.18980678009318,35.43474784003105,2206000
2024-03-04,35.18073654174805,35.298671907180534,35.090019159505395,35.099089513471135,2124700
2024-03-05,35.31681442260742,35.489178825058744,35.13537620596879,35.13537620596879,2212500
2024-03-06,35.58897018432617,35.68876137697823,35.371247091854556,35.51639697371769,3372800
2024-03-07,35.77787399291992,35.919547674508074,35.617306163516396,35.730649432390535,2194500
2024-03-08,35.36228942871094,35.626753454693755,35.28673085200373,35.48507616923857,1886400
2024-03-11,35.06949234008789,35.13560744083736,34.88059050808821,34.97503962258667,2471600
2024-03-12,35.900657653808594,35.97621983416115,35.740093425064,35.872323637677916,2409500
2024-03-13,35.88176727294922,36.07066549972118,35.69286544317453,36.00455039975045,2041000
2024-03-14,35.44729232788086,35.71175633333536,35.30561865642575,35.626750689261186,1389600
2024-03-15,36.08955764770508,36.16511982417588,35.92899342720895,35.97621798600176,2243000
2024-03-18,36.28790283203125,36.55236684576951,36.231234802875306,36.55236684576951,1936100
2024-03-19,36.363468170166016,36.42958327859879,36.21234740760494,36.240681424646645,1294000
2024-03-20,36.892391204833984,36.892391204833984,36.22178946925253,36.25012708819456,2356900
2024-03-21,37.3079719543457,37.53465488825039,37.19463228889486,37.22296630450682,2476800
2024-03-22,37.326866149902344,37.5346585593882,37.28908505672249,37.49687746620834,1318600
2024-03-25,37.326866149902344,37.4874303914117,37.24186049174935,37.24186049174935,1659900
2024-03-26,37.49687194824219,37.60076813769595,37.45909086062212,37.50631541864579,1994400
2024-03-27,36.82627487182617,36.98683909413408,36.779046709497564,36.882942901815824,2310500
2024-03-28,37.175743103027344,37.39297897099994,37.024622342568016,37.36464495435229,1779100
2024-04-01,37.128517150878906,37.26074736095482,36.91128129103948,37.18518518205258,1314900
2024-04-02,37.13795852661133,37.156849070271186,36.87349812137898,36.95850376634692,1379200
2024-04-03,37.903011322021484,37.95023588215,37.35519633612242,37.39297742542642,1875600
2024-04-04,37.94078826904297,38.686948558677855,37.8935637095857,38.62083345483709,3000100
2024-04-05,38.460269927978516,38.460269927978516,38.025794605302615,38.167471889240865,1404000
2024-04-08,38.73417282104492,38.79084445376074,38.49804642256671,38.59249914375974,1553100
2024-04-09,38.8758544921875,39.03642233484962,38.668062085096516,38.951416677676335,1930700
2024-04-10,39.48978042602539,39.546448456093394,39.149757833605676,39.25365402606758,3240300
2024-04-11,38.67750549316406,38.781401686860214,38.28081126296084,38.66805841937188,2059400
2024-04-12,38.37526321411133,38.9230745839428,38.29970103730539,38.781400906936014,3373500
2024-04-15,38.3185920715332,39.102533452407,38.2335864230409,38.979746715028575,2462800
2024-04-16,37.449649810791016,37.657438600126234,37.27019143449776,37.61966111306723,2894200
2024-04-17,37.76133728027344,38.016354250463024,37.572435420540046,37.90301457582431,1721300
2024-04-18,38.148582458496094,38.22414463960379,37.921903121179206,38.02579571569763,1544900
2024-04-19,38.27136993408203,38.309151025359284,37.78022655648732,37.836898193403194,1663900
2024-04-22,39.310325622558594,39.414221824446464,38.913634964081176,38.97975007382742,2107300
2024-04-23,39.56534194946289,39.60312304099286,39.234766406083594,39.26310042322948,1583700
2024-04-24,39.37643814086914,39.442553246264225,39.16864935377161,39.32921358030166,1555200
2024-04-25,39.48978042602539,39.565339000450365,39.026971096786795,39.045861641143766,1766200
2024-04-26,39.57478713989258,39.64090224542103,39.319770188710095,39.5275589762268,1402800
2024-04-29,39.83924865722656,39.99981288849459,39.77313354988054,39.877029747996616,1616400
2024-04-30,41.16156005859375,41.77548660064558,41.152112983929534,41.60547528672272,3405900
2024-05-01,41.2276725769043,41.52046701902512,41.09543876094303,41.378793334999806,2274400
2024-05-02,42.03994369506836,42.219402069363106,41.75659272876452,42.17217750881297,2160700
2024-05-03,41.983280181884766,42.3233028192441,41.983280181884766,42.191068991268374,1466100
2024-05-06,42.294960021972656,42.33274111105686,42.02105613361956,42.25718253589141,1276700
2024-05-07,42.483863830566406,42.77666188001541,42.43663926852705,42.644431665103966,1782400
2024-05-08,42.880558013916016,42.9372260470769,42.65387507226311,42.795552361171566,1621300
2024-05-09,42.52851486206055,42.675196389838504,42.44050445324934,42.5774087046532,1445400
2024-05-10,42.636077880859375,42.949002935626865,42.62630060493079,42.82187969675069,1825800
2024-05-13,42.997901916503906,43.09568960044044,42.851216660238094,43.01746019936342,1269200
2024-05-14,43.7313232421875,43.82911093172563,43.35972330729236,43.45751099683049,1674400
2024-05-15,43.780216217041016,43.80955177724731,43.53574326769213,43.54552054430717,1105000
2024-05-16,43.447731018066406,44.38650620855181,42.86099745660328,44.38650620855181,4597700
2024-05-17,43.555301666259766,43.67264763775587,43.34016427654926,43.38905812047587,1125800
2024-05-20,43.213035583496094,43.54551893151083,43.203258307243175,43.496625089524166,977300
2024-05-21,43.594417572021484,43.62375313186006,43.32060533553731,43.36949917872198,1208400
2024-05-22,43.23259353637695,43.61397072346737,43.125024846610735,43.52596031641873,1181200
2024-05-23,42.831661224365234,43.38905926664751,42.821883947466105,43.32060713726977,1392400
2024-05-24,43.398841857910156,43.66287310815876,43.33038972603401,43.37928357303677,1198800
2024-05-28,43.18370056152344,43.41839622848415,42.97834418440849,43.056573586488014,1506300
2024-05-29,42.772987365722656,42.958785457809356,42.70453151036331,42.90011060908464,1185400
2024-05-30,43.330387115478516,43.51618521503967,43.20326013664131,43.27171226439338,1540600
2024-05-31,43.66286849975586,43.73132062440722,43.310826869913996,43.49662496105897,1151600
2024-06-03,43.887786865234375,43.897564142284644,43.369501652898194,43.54552248269368,1386800
2024-06-04,43.555301666259766,43.5846372265435,43.27171214897977,43.398839127477906,1277800
2024-06-05,43.17392349243164,43.41839643694063,43.01746095716033,43.36949886374996,1299000
2024-06-06,43.555301666259766,43.63353107047011,43.34994528355129,43.477068531688246,866700
2024-06-07,43.447731018066406,43.770433357762826,43.437950011504114,43.73132052259669,1217300
2024-06-10,43.525962829589844,43.574860404387636,43.10547278314634,43.34016472858638,921300
2024-06-11,42.36227035522461,42.548068444986114,42.16669125895087,42.41116419670279,1609200
2024-06-12,42.90011215209961,43.47706846238072,42.763207897178866,43.41839734190678,1614700
2024-06-13,42.254703521728516,42.53829303726362,42.09824098390935,42.53829303726362,941400
2024-06-14,42.26448440551758,42.28404268898313,41.88310720384221,42.16669298818983,1143400
2024-06-17,42.7338752746582,42.743652551955606,42.3036004663441,42.43072745337886,876500
2024-06-18,42.7534294128418,43.007679631889445,42.61652516178837,42.76320668919087,1299300
2024-06-20,43.32060623168945,43.408616643386935,43.11524984784905,43.20326025954654,1455900
2024-06-21,42.538291931152344,42.67519618188909,42.34271283137369,42.48939808879794,1312900
2024-06-24,43.0956916809082,43.30104806530522,42.958787424643525,43.1152499647119,2381300
2024-06-25,42.861000061035156,42.95878775043404,42.68497923582818,42.890335621782576,771000
2024-06-26,42.743648529052734,42.80232337839911,42.52851487550484,42.58718599449014,735500
2024-06-27,42.763206481933594,43.07613154864225,42.68497708043695,42.988121140482875,1291500
2024-06-28,42.538291931152344,42.80232315629937,42.411164956742056,42.69475446490306,1151800
2024-07-01,42.8414421081543,43.20326103815972,42.77298997897385,42.939229798308865,882500
2024-07-02,43.105472564697266,43.1348081251383,42.72409162715783,42.870776890085395,849900
2024-07-03,42.92945098876953,43.22281777912071,42.78276572841337,43.037015951954764,1155700
2024-07-05,42.45028305053711,42.51873517836904,42.13735797177364,42.45028305053711,903800
2024-07-08,42.37205505371094,42.73387398860882,42.28404463923725,42.66542185850277,617300
2024-07-09,42.029788970947266,42.21558706937444,41.726641171066035,41.73642217803445,1483000
2024-07-10,42.24492645263672,42.33293686373984,41.99067249595606,42.02001178656455,752400
2024-07-11,42.40138626098633,42.53829050714006,42.36226969626785,42.46005737770311,980200
2024-07-12,42.81209945678711,42.90989086962796,42.606743085362794,42.684976215635466,1089700
2024-07-15,42.293819427490234,42.54806964858563,42.215586294623286,42.381829836785,1830700
2024-07-16,42.567626953125,42.58718523589207,41.94177682602278,42.049345516061166,1012000
2024-07-17,42.538291931152344,42.714312747917035,42.47961708211043,42.58718577350675,1140600
2024-07-18,42.068904876708984,42.626302893588495,41.99067174363623,42.577409050598575,1078900
2024-07-19,41.91244125366211,42.14713318606995,41.76575599813645,41.83420812261882,1526900
2024-07-22,42.50895690917969,42.57740903541338,42.24492568069496,42.5285151924409,830600
2024-07-23,42.274261474609375,42.33293632471808,42.07868237127482,42.10802166150973,690000
2024-07-24,41.92222213745117,42.28404480412128,41.91244486040989,42.1666950974579,1124600
2024-07-25,41.892887115478516,42.15691836332943,41.687530721714936,41.84399326891977,1400800
2024-07-26,42.32315444946289,42.41116485763958,41.785314724099145,41.81465028337102,2185500
2024-07-29,42.342716217041016,42.47962047872444,42.215589232465824,42.44050763993014,1426300
2024-07-30,42.567626953125,42.70453120213348,42.460058263086616,42.49917482862076,1624100
2024-07-31,44.151817321777344,44.52341352883551,43.701984247906964,43.79977566847064,3417300
2024-08-01,41.52128219604492,42.059121904523664,41.15946329839354,41.98089250546758,4592000
2024-08-02,40.386932373046875,40.670521902826195,40.00555515110429,40.52383663421997,3442400
2024-08-05,39.52638244628906,39.721961540886056,38.54849070366506,38.75385080469043,2930500
2024-08-06,39.73174285888672,39.839311548276655,39.05699516375384,39.145005570494604,2238800
2024-08-07,39.888206481933594,40.602067031550675,39.82953163237946,40.4749400560306,1471700
2024-08-08,40.30870056152344,40.39671097136628,40.00555276531783,40.08378589867197,1213200
2024-08-09,40.64118194580078,40.66074022819042,40.210907193950554,40.26958204111948,1171200
2024-08-12,40.543392181396484,40.80742340884455,40.52383389821206,40.68029643332635,1189900
2024-08-13,41.07145309448242,41.10078865297726,40.75852803600095,40.836757435440845,1102300
2024-08-14,41.247474670410156,41.3159267950737,41.13012870389564,41.169241539159806,1277600
2024-08-15,41.88310623168945,42.088462607769465,41.78531481663155,41.9808939163863,1436500
2024-08-16,42.308563232421875,42.32835253703337,42.080991891025604,42.1106777351548,1198200
2024-08-19,43.030860900878906,43.05064643164611,42.654871651093515,42.66476441647712,1426100
2024-08-20,42.26898956298828,42.45698230034458,42.189832342359935,42.27888232835482,1303800
2024-08-21,42.73402404785156,42.74392058741613,42.506452705377754,42.66476336859536,1181500
2024-08-22,42.575714111328125,42.81318199741967,42.516349970623246,42.7439213169813,1161200
2024-08-23,43.189170837402344,43.23864221233156,42.7834995239044,42.8230743591934,1406100
2024-08-26,43.238643646240234,43.456318458032264,43.139697118676494,43.238643646240234,834600
2024-08-27,43.703678131103516,43.782835351371894,43.49589608953504,43.54536746499077,1969100
2024-08-28,43.48600387573242,43.53547525181558,43.16938253949132,43.218853915574485,947800
2024-08-29,43.64431381225586,43.76304586774999,43.34748178630855,43.555263827029265,1108600
2024-08-30,43.99061584472656,44.030194453467814,43.604733845559046,43.634415914903045,1325700
2024-09-03,42.96159362792969,43.39695076473657,42.85275811815175,43.34747939221501,2568100
2024-09-04,43.09022521972656,43.42663586051679,43.05064660918088,43.20895727693957,1022000
2024-09-05,43.476104736328125,43.9213546433022,43.288112008682994,43.871883270177044,1569900
2024-09-06,42.41740417480469,43.396954031943324,42.37782933846225,43.18917198705527,1434700
2024-09-09,43.278221130371094,43.46621386621103,43.11991046481536,43.199063910381234,1173100
2024-09-10,42.59550094604492,42.961593632048164,42.110676211093775,42.89233295562657,1924000
2024-09-11,42.565818786621094,42.63507946289495,41.93257616101793,42.57571155133574,2234200
2024-09-12,42.87255096435547,42.931915106516755,42.41740448604908,42.74392236563253,1144800
2024-09-13,43.17927551269531,43.347482721496256,43.03086138373173,43.07043622013425,848800
2024-09-16,43.21885299682617,43.24853506696028,42.92202097221322,42.93191373744993,840800
2024-09-17,43.21885299682617,43.6739956861943,43.16938162179468,43.6443136160602,1097600
2024-09-18,43.4464225769043,43.82241180583577,43.258429849650476,43.46621188099793,1172000
2024-09-19,44.23797607421875,44.356711899332645,43.89167268702948,44.22808330933784,1340600
2024-09-20,43.703678131103516,43.8916746420289,43.59484261487051,43.881778102283356,1329400
2024-09-23,44.59417724609375,44.64364862072754,44.37649866839634,44.485337957245044,1375300
2024-09-24,44.74259567260742,44.999849088394384,44.61396707750195,44.9701670181485,1213100
2024-09-25,44.19839859008789,44.70301642359793,44.17861305982281,44.6634378142199,1186900
2024-09-26,45.42530822753906,45.583618887726615,45.10868690716396,45.296679636629214,1572400
2024-09-27,45.138370513916016,45.48467768978839,45.138370513916016,45.36594185978552,1072300
2024-09-30,44.71290969848633,44.84153829321941,44.45565628344415,44.83164552797408,998100
2024-10-01,44.11924362182617,44.45565424107154,43.71357232577356,44.43586493706607,1681400
2024-10-02,44.57438659667969,44.88111514923442,44.51502245867955,44.80195793266913,1476000
2024-10-03,44.70301818847656,44.78217163593367,44.30723962791877,44.56449682460856,1315900
2024-10-04,45.37583923339844,45.385731998868486,45.01963928569171,45.11858203808844,1557600
2024-10-07,45.18783950805664,45.326364635760484,44.98005747813657,45.26699672388741,998500
2024-10-08,43.45631790161133,43.85209645795048,43.377164454997924,43.81251784743176,1661400
2024-10-09,43.703678131103516,43.7432567412377,43.42663540901221,43.505792629280585,1123600
2024-10-10,43.81251525878906,43.861990406226276,43.5651546192983,43.861990406226276,742600
2024-10-11,43.881778717041016,43.92135732772967,43.59484322560837,43.624525296412834,771400
2024-10-14,43.89167404174805,44.030195400899224,43.47610618987056,43.58494547903905,1332200
2024-10-15,43.367271423339844,43.6739962169168,43.34748211820197,43.644314146422,1481300
2024-10-16,43.63441467285156,43.802621868001935,43.56515399673781,43.66410051577443,637900
2024-10-17,43.90156555175781,44.03019414204516,43.654204910510366,43.76304419656706,872700
2024-10-18,44.24787521362305,44.28745004989601,43.891675266197964,44.168717992229,725400
2024-10-21,43.71357345581055,44.03019477923541,43.64431277721285,43.9312520310741,798100
2024-10-22,44.14892578125,44.188504389342185,43.703675876272456,43.79272585726796,1053600
2024-10-23,43.71357345581055,43.82241274344233,43.50579142001747,43.772941369361675,866800
2024-10-24,44.03019332885742,44.20829328922019,43.77293992745775,44.18850398535501,714900
2024-10-25,43.89167404174805,44.435866713166504,43.861991971765356,44.39628810357361,940300
2024-10-28,44.693119049072266,44.841536944255125,44.208294303732806,44.30723705090547,1264800
2024-10-29,45.949710845947266,46.770949977436715,45.910136012351956,46.26633216125255,2668600
2024-10-30,45.7419319152832,46.22676046031326,45.70235330458196,45.801299831335065,1496300
2024-10-31,45.64298629760742,45.979396918600884,45.45498979579048,45.96950037933482,1008600
2024-11-01,45.69245910644531,46.11791972208332,45.62319842710182,46.038762503162786,997800
2024-11-04,46.14760208129883,46.612641309312764,46.13770931608371,46.533484089895936,933700
2024-11-05,46.77095031738281,46.86000029886115,46.39496108731605,46.474118303929615,957400
2024-11-06,46.54338073730469,46.64232348738085,46.06844874297594,46.36528076762841,1312300
2024-11-07,46.86000061035156,47.05788987877706,46.69179341114154,46.93915405306745,1217500
2024-11-08,44.959999084472656,45.5099983215332,44.72999954223633,45.459999084472656,1897700
2024-11-11,45.31999969482422,45.47999954223633,45.08000183105469,45.08000183105469,1145800
2024-11-12,44.619998931884766,44.869998931884766,44.400001525878906,44.75,1432700
2024-11-13,45.0,45.13999938964844,44.540000915527344,44.869998931884766,1279600
2024-11-14,44.939998626708984,45.25,44.93000030517578,45.13999938964844,1134800
2024-11-15,45.7400016784668,45.77000045776367,45.47999954223633,45.599998474121094,1058500
2024-11-18,46.45000076293945,46.58000183105469,45.93000030517578,46.0099983215332,1042900
2024-11-19,46.279998779296875,46.380001068115234,45.63999938964844,45.68000030517578,874700
2024-11-20,46.22999954223633,46.27000045776367,45.869998931884766,46.2599983215332,628100
2024-11-21,46.31999969482422,46.470001220703125,46.130001068115234,46.2599983215332,922800
2024-11-22,45.939998626708984,45.9900016784668,45.59000015258789,45.689998626708984,917300
2024-11-25,46.4900016784668,46.689998626708984,46.400001525878906,46.63999938964844,904700
2024-11-26,46.31999969482422,46.56999969482422,46.25,46.52000045776367,663700
2024-11-27,46.68000030517578,46.810001373291016,46.310001373291016,46.34000015258789,704100
2024-11-29,46.88999938964844,46.9900016784668,46.65999984741211,46.66999816894531,505300
2024-12-02,47.0099983215332,47.13999938964844,46.7599983215332,47.099998474121094,1100300
2024-12-03,47.470001220703125,47.709999084472656,47.310001373291016,47.63999938964844,1539700
2024-12-04,47.349998474121094,47.689998626708984,47.349998474121094,47.54999923706055,1131100
2024-12-05,48.060001373291016,48.27000045776367,47.959999084472656,48.02000045776367,1418000
2024-12-06,47.59000015258789,48.06999969482422,47.540000915527344,48.06999969482422,940400
2024-12-09,47.95000076293945,48.45000076293945,47.95000076293945,48.380001068115234,950300
2024-12-10,48.02000045776367,48.220001220703125,47.939998626708984,48.20000076293945,710500
2024-12-11,48.540000915527344,48.630001068115234,48.29999923706055,48.5099983215332,1110100
2024-12-12,48.380001068115234,48.720001220703125,48.380001068115234,48.5099983215332,837800
2024-12-13,48.599998474121094,48.7599983215332,48.290000915527344,48.56999969482422,1359400
2024-12-16,48.630001068115234,48.810001373291016,48.59000015258789,48.7400016784668,855400
2024-12-17,48.63999938964844,48.689998626708984,48.36000061035156,48.61000061035156,973800
2024-12-18,47.93000030517578,49.18000030517578,47.84000015258789,49.0,1554400
2024-12-19,48.150001525878906,48.59000015258789,48.150001525878906,48.52000045776367,1166000
2024-12-20,48.27000045776367,48.5,47.47999954223633,47.540000915527344,1248700
2024-12-23,48.689998626708984,48.720001220703125,48.060001373291016,48.189998626708984,854300
2024-12-24,49.25,49.29999923706055,48.709999084472656,48.7400016784668,309000
2024-12-26,49.2599983215332,49.459999084472656,49.20000076293945,49.29999923706055,516300
2024-12-27,49.290000915527344,49.31999969482422,49.0099983215332,49.029998779296875,1088100
2024-12-30,49.5099983215332,49.65999984741211,49.11000061035156,49.220001220703125,1344500
